"Mobility trend; per stage, modes of travel, purposes of travel, age and sex"
"Sex: Total male and female"
"Margins: Value"
"";"";""
"";"";"Modes of travel";"Total";"Total";"Total";"Car as driver";"Car as driver";"Car as driver";"Car as passenger";"Car as passenger";"Car as passenger";"Train";"Train";"Train";"Bus/metro";"Bus/metro";"Bus/metro";"Bike";"Bike";"Bike";"Walking";"Walking";"Walking";"Other";"Other";"Other"
"";"";"Topic";"Stages per person per day (average)";"Distance travelled per stage (average)";"Average travel time per stage";"Stages per person per day (average)";"Distance travelled per stage (average)";"Average travel time per stage";"Stages per person per day (average)";"Distance travelled per stage (average)";"Average travel time per stage";"Stages per person per day (average)";"Distance travelled per stage (average)";"Average travel time per stage";"Stages per person per day (average)";"Distance travelled per stage (average)";"Average travel time per stage";"Stages per person per day (average)";"Distance travelled per stage (average)";"Average travel time per stage";"Stages per person per day (average)";"Distance travelled per stage (average)";"Average travel time per stage";"Stages per person per day (average)";"Distance travelled per stage (average)";"Average travel time per stage"
"Periods";"Age";"Travel motives";"number";"passenger kilometres";"Minutes";"number";"passenger kilometres";"Minutes";"number";"passenger kilometres";"Minutes";"number";"passenger kilometres";"Minutes";"number";"passenger kilometres";"Minutes";"number";"passenger kilometres";"Minutes";"number";"passenger kilometres";"Minutes";"number";"passenger kilometres";"Minutes"
"2014*";"18 to 24 years";"Travel to/from work, (non)-daily commute";"0.82";"12.21";"21.99";"0.24";"20.46";"27.40";"0.04";"18.92";"28.18";"0.05";"37.62";"40.14";"0.08";"9.40";"25.02";"0.23";"3.28";"16.31";"0.12";"0.73";"9.05";".";".";"."
"2014*";"18 to 24 years";"Shopping, groceries, funshopping.";"0.49";"5.60";"14.64";"0.11";"8.39";"15.62";"0.06";"12.59";"20.82";".";".";".";".";".";".";"0.13";"1.88";"11.44";"0.14";"0.71";"10.11";".";".";"."
"2014*";"18 to 24 years";"Attending education/courses";"0.73";"12.03";"22.52";"0.05";"25.40";"35.06";"0.02";"20.73";"29.12";"0.11";"39.83";"42.37";"0.18";"10.92";"26.54";"0.19";"3.17";"16.06";"0.18";"0.71";"8.47";".";".";"."
"2014*";"18 to 24 years";"Leisure";"1.27";"13.04";"29.01";"0.27";"18.98";"28.04";"0.20";"24.37";"33.93";"0.06";"60.19";"60.54";"0.08";"10.04";"28.42";"0.34";"3.63";"22.25";"0.28";"1.90";"26.83";"0.04";"12.95";"39.08"
"2014*";"18 to 24 years";"Other";"0.36";"12.93";"21.58";"0.11";"15.98";"22.29";"0.05";"19.71";"27.04";".";".";".";".";".";".";"0.08";"2.66";"14.96";"0.06";"0.79";"9.98";".";".";"."
"2014*";"25 to 29 years";"Travel to/from work, (non)-daily commute";"1.07";"16.66";"25.23";"0.42";"25.90";"31.56";".";".";".";"0.08";"41.54";"41.66";"0.08";"8.96";"24.10";"0.25";"3.66";"17.52";"0.15";"0.78";"9.45";".";".";"."
"2014*";"25 to 29 years";"Shopping, groceries, funshopping.";"0.62";"5.27";"14.07";"0.20";"8.10";"15.11";"0.06";"12.17";"19.98";".";".";".";".";".";".";"0.14";"1.81";"11.42";"0.18";"0.72";"10.62";".";".";"."
"2014*";"25 to 29 years";"Attending education/courses";"0.11";"14.67";"23.91";".";".";".";".";".";".";".";".";".";".";".";".";".";".";".";".";".";".";".";".";"."
"2014*";"25 to 29 years";"Leisure";"1.22";"14.20";"30.55";"0.36";"20.93";"28.40";"0.17";"27.73";"34.98";".";".";".";".";".";".";"0.27";"4.14";"25.30";"0.30";"2.12";"30.26";".";".";"."
"2014*";"25 to 29 years";"Other";"0.48";"12.64";"20.62";"0.21";"16.51";"22.64";".";".";".";".";".";".";".";".";".";"0.09";"2.47";"13.81";"0.08";"0.78";"10.23";".";".";"."
"2014*";"30 to 39 years";"Travel to/from work, (non)-daily commute";"0.93";"17.66";"26.19";"0.43";"25.29";"31.18";"0.03";"24.79";"32.75";"0.05";"41.73";"42.13";"0.06";"8.95";"24.27";"0.21";"4.00";"18.37";"0.10";"0.82";"9.70";"0.06";"23.00";"30.75"
"2014*";"30 to 39 years";"Shopping, groceries, funshopping.";"0.66";"5.12";"13.67";"0.27";"7.33";"14.00";"0.05";"12.51";"19.85";".";".";".";".";".";".";"0.15";"1.84";"11.33";"0.16";"0.79";"11.44";".";".";"."
"2014*";"30 to 39 years";"Attending education/courses";"0.06";"13.69";"22.34";"0.02";"24.22";"29.08";".";".";".";".";".";".";".";".";".";"0.02";"2.72";"14.75";".";".";".";".";".";"."
"2014*";"30 to 39 years";"Leisure";"1.05";"13.96";"30.97";"0.36";"20.56";"27.64";"0.14";"27.80";"35.01";".";".";".";".";".";".";"0.21";"4.54";"27.80";"0.27";"2.20";"32.63";".";".";"."
"2014*";"30 to 39 years";"Other";"0.80";"9.21";"16.51";"0.38";"13.09";"19.26";"0.04";"19.29";"25.94";".";".";".";".";".";".";"0.19";"1.86";"10.44";"0.13";"0.69";"8.93";".";".";"."
"2014*";"40 to 49 years";"Travel to/from work, (non)-daily commute";"0.90";"17.18";"25.89";"0.43";"24.35";"30.40";"0.02";"22.34";"30.70";"0.04";"41.88";"42.55";"0.04";"9.44";"24.83";"0.22";"4.24";"18.59";"0.08";"0.87";"9.98";"0.06";"23.43";"30.54"
"2014*";"40 to 49 years";"Shopping, groceries, funshopping.";"0.71";"5.15";"13.31";"0.31";"7.23";"13.80";"0.06";"11.64";"19.22";".";".";".";".";".";".";"0.20";"1.79";"10.66";"0.12";"0.79";"11.36";".";".";"."
"2014*";"40 to 49 years";"Attending education/courses";"0.05";"15.75";"23.70";"0.02";"25.09";"29.40";".";".";".";".";".";".";".";".";".";".";".";".";".";".";".";".";".";"."
"2014*";"40 to 49 years";"Leisure";"1.02";"13.54";"31.53";"0.36";"20.25";"27.44";"0.12";"27.90";"35.01";".";".";".";"0.02";"8.94";"28.78";"0.21";"5.11";"29.63";"0.28";"2.45";"33.93";".";".";"."
"2014*";"40 to 49 years";"Other";"0.72";"11.03";"18.23";"0.39";"14.85";"20.99";"0.04";"21.67";"27.52";".";".";".";".";".";".";"0.17";"1.99";"10.93";"0.09";"0.70";"9.03";".";".";"."
"2014*";"50 to 59 years";"Travel to/from work, (non)-daily commute";"0.84";"16.48";"25.67";"0.38";"23.82";"30.11";"0.02";"21.66";"28.76";"0.03";"42.33";"44.35";"0.04";"9.86";"25.61";"0.22";"4.40";"18.97";"0.08";"0.89";"10.02";"0.06";"23.33";"31.61"
"2014*";"50 to 59 years";"Shopping, groceries, funshopping.";"0.73";"5.30";"14.10";"0.28";"7.65";"14.73";"0.07";"12.17";"20.01";".";".";".";".";".";".";"0.23";"1.97";"11.45";"0.13";"0.83";"11.74";".";".";"."
"2014*";"50 to 59 years";"Attending education/courses";"0.03";"18.35";"26.31";".";".";".";".";".";".";".";".";".";".";".";".";".";".";".";".";".";".";".";".";"."
"2014*";"50 to 59 years";"Leisure";"1.03";"14.42";"34.87";"0.32";"22.44";"30.14";"0.13";"29.50";"37.28";".";".";".";".";".";".";"0.22";"6.48";"35.82";"0.30";"2.51";"35.53";"0.02";"25.44";"56.16"
"2014*";"50 to 59 years";"Other";"0.47";"16.21";"23.30";"0.27";"20.22";"25.38";"0.04";"23.55";"29.70";".";".";".";".";".";".";"0.08";"2.66";"14.25";"0.05";"0.84";"10.92";".";".";"."
"2014*";"60 to 64 years";"Travel to/from work, (non)-daily commute";"0.53";"15.48";"24.84";"0.22";"23.45";"29.58";".";".";".";".";".";".";".";".";".";"0.15";"4.10";"18.44";"0.05";"0.86";"10.03";".";".";"."
"2014*";"60 to 64 years";"Shopping, groceries, funshopping.";"0.77";"5.02";"14.73";"0.26";"7.91";"15.58";"0.07";"11.13";"19.64";".";".";".";".";".";".";"0.26";"2.16";"12.46";"0.14";"0.89";"12.92";".";".";"."
"2014*";"60 to 64 years";"Attending education/courses";".";".";".";".";".";".";".";".";".";".";".";".";".";".";".";".";".";".";".";".";".";".";".";"."
"2014*";"60 to 64 years";"Leisure";"1.09";"15.19";"38.25";"0.31";"23.94";"31.97";"0.14";"30.40";"38.36";".";".";".";".";".";".";"0.26";"7.55";"41.98";"0.31";"2.62";"38.49";".";".";"."
"2014*";"60 to 64 years";"Other";"0.43";"14.30";"22.50";"0.21";"19.29";"25.35";"0.04";"22.58";"29.12";".";".";".";".";".";".";"0.08";"2.75";"14.56";"0.05";"0.93";"11.74";".";".";"."
"2014*";"65 to 69 years";"Travel to/from work, (non)-daily commute";"0.21";"13.10";"22.85";"0.09";"20.20";"26.99";".";".";".";".";".";".";".";".";".";"0.07";"3.40";"16.84";".";".";".";".";".";"."
"2014*";"65 to 69 years";"Shopping, groceries, funshopping.";"0.84";"5.09";"15.46";"0.26";"7.87";"16.00";"0.08";"11.04";"19.80";".";".";".";".";".";".";"0.29";"2.35";"13.43";"0.17";"0.95";"13.69";".";".";"."
"2014*";"65 to 69 years";"Attending education/courses";".";".";".";".";".";".";".";".";".";".";".";".";".";".";".";".";".";".";".";".";".";".";".";"."
"2014*";"65 to 69 years";"Leisure";"1.16";"15.29";"40.36";"0.32";"23.57";"32.60";"0.15";"28.71";"38.12";".";".";".";".";".";".";"0.29";"8.22";"47.58";"0.32";"2.61";"39.59";".";".";"."
"2014*";"65 to 69 years";"Other";"0.43";"12.06";"21.43";"0.20";"16.39";"23.61";"0.05";"20.71";"28.80";".";".";".";".";".";".";"0.09";"2.82";"15.28";"0.06";"0.94";"11.92";".";".";"."
"2015*";"18 to 24 years";"Travel to/from work, (non)-daily commute";"0.79";"12.23";"21.87";"0.24";"20.59";"27.39";"0.04";"18.95";"28.05";".";".";".";"0.08";"9.12";"24.93";"0.22";"3.29";"16.29";"0.12";"0.70";"8.69";".";".";"."
"2015*";"18 to 24 years";"Shopping, groceries, funshopping.";"0.47";"5.66";"14.82";"0.10";"8.40";"15.70";"0.06";"12.42";"20.79";".";".";".";".";".";".";"0.13";"1.89";"11.40";"0.13";"0.73";"10.50";".";".";"."
"2015*";"18 to 24 years";"Attending education/courses";"0.75";"11.99";"22.39";"0.05";"25.28";"35.14";".";".";".";"0.11";"39.93";"42.30";"0.18";"10.58";"26.37";"0.19";"3.17";"16.01";"0.18";"0.70";"8.12";".";".";"."
"2015*";"18 to 24 years";"Leisure";"1.22";"13.12";"29.07";"0.25";"19.12";"28.11";"0.19";"24.54";"33.82";"0.06";"59.79";"59.84";"0.08";"9.95";"28.14";"0.33";"3.61";"22.04";"0.27";"1.91";"27.53";"0.04";"13.46";"38.54"
"2015*";"18 to 24 years";"Other";"0.33";"13.41";"21.85";"0.11";"16.19";"22.36";".";".";".";".";".";".";".";".";".";".";".";".";".";".";".";".";".";"."
"2015*";"25 to 29 years";"Travel to/from work, (non)-daily commute";"1.06";"16.76";"25.12";"0.41";"26.10";"31.56";".";".";".";"0.08";"41.50";"41.61";"0.09";"8.69";"24.00";"0.24";"3.68";"17.51";"0.15";"0.74";"9.07";".";".";"."
"2015*";"25 to 29 years";"Shopping, groceries, funshopping.";"0.60";"5.29";"14.21";"0.20";"8.12";"15.16";"0.06";"12.00";"19.99";".";".";".";".";".";".";"0.14";"1.82";"11.37";"0.17";"0.75";"11.01";".";".";"."
"2015*";"25 to 29 years";"Attending education/courses";"0.12";"14.91";"24.01";".";".";".";".";".";".";".";".";".";".";".";".";".";".";".";".";".";".";".";".";"."
"2015*";"25 to 29 years";"Leisure";"1.17";"14.25";"30.68";"0.34";"21.06";"28.44";"0.16";"27.95";"34.87";".";".";".";".";".";".";"0.26";"4.11";"25.11";"0.29";"2.13";"31.11";".";".";"."
"2015*";"25 to 29 years";"Other";"0.44";"13.08";"20.81";"0.20";"16.68";"22.67";".";".";".";".";".";".";".";".";".";".";".";".";"0.07";"0.78";"10.08";".";".";"."
"2015*";"30 to 39 years";"Travel to/from work, (non)-daily commute";"0.93";"17.77";"26.06";"0.43";"25.55";"31.19";"0.03";"24.93";"32.53";"0.05";"41.67";"42.06";"0.06";"8.68";"24.17";"0.20";"4.03";"18.38";"0.11";"0.78";"9.30";"0.05";"23.18";"29.91"
"2015*";"30 to 39 years";"Shopping, groceries, funshopping.";"0.64";"5.18";"13.83";"0.27";"7.33";"14.04";"0.05";"12.34";"19.86";".";".";".";".";".";".";"0.15";"1.85";"11.27";"0.15";"0.82";"11.87";".";".";"."
"2015*";"30 to 39 years";"Attending education/courses";"0.07";"13.93";"22.58";"0.02";"24.25";"29.44";".";".";".";".";".";".";".";".";".";"0.02";"2.73";"14.80";".";".";".";".";".";"."
"2015*";"30 to 39 years";"Leisure";"1.01";"14.09";"31.15";"0.35";"20.73";"27.68";"0.14";"28.03";"34.91";".";".";".";".";".";".";"0.20";"4.51";"27.60";"0.26";"2.23";"33.51";".";".";"."
"2015*";"30 to 39 years";"Other";"0.75";"9.46";"16.57";"0.37";"13.24";"19.23";"0.04";"19.49";"25.81";".";".";".";".";".";".";"0.18";"1.85";"10.41";"0.12";"0.69";"8.78";".";".";"."
"2015*";"40 to 49 years";"Travel to/from work, (non)-daily commute";"0.88";"17.41";"25.84";"0.43";"24.61";"30.38";"0.02";"22.66";"30.61";"0.04";"41.81";"42.45";"0.04";"9.16";"24.74";"0.21";"4.27";"18.62";"0.08";"0.83";"9.58";"0.06";"23.70";"29.76"
"2015*";"40 to 49 years";"Shopping, groceries, funshopping.";"0.69";"5.19";"13.40";"0.31";"7.20";"13.81";"0.06";"11.48";"19.21";".";".";".";".";".";".";"0.19";"1.79";"10.59";"0.11";"0.82";"11.78";".";".";"."
"2015*";"40 to 49 years";"Attending education/courses";"0.05";"16.24";"24.21";"0.02";"25.18";"29.79";".";".";".";".";".";".";".";".";".";"0.01";"2.86";"15.12";".";".";".";".";".";"."
"2015*";"40 to 49 years";"Leisure";"0.98";"13.57";"31.68";"0.34";"20.39";"27.43";"0.11";"28.10";"34.92";".";".";".";".";".";".";"0.20";"5.07";"29.39";"0.27";"2.47";"34.78";".";".";"."
"2015*";"40 to 49 years";"Other";"0.69";"11.31";"18.28";"0.37";"14.96";"20.90";"0.04";"21.89";"27.39";".";".";".";".";".";".";"0.16";"1.98";"10.89";"0.08";"0.70";"8.86";".";".";"."
"2015*";"50 to 59 years";"Travel to/from work, (non)-daily commute";"0.83";"16.68";"25.60";"0.38";"24.10";"30.10";"0.02";"21.95";"28.69";"0.03";"42.27";"44.27";"0.04";"9.57";"25.51";"0.22";"4.45";"19.00";"0.08";"0.85";"9.58";"0.06";"23.56";"30.76"
"2015*";"50 to 59 years";"Shopping, groceries, funshopping.";"0.71";"5.31";"14.16";"0.28";"7.60";"14.74";"0.06";"12.00";"20.00";".";".";".";".";".";".";"0.22";"1.97";"11.37";"0.12";"0.86";"12.17";".";".";"."
"2015*";"50 to 59 years";"Attending education/courses";"0.03";"18.75";"26.52";".";".";".";".";".";".";".";".";".";".";".";".";".";".";".";".";".";".";".";".";"."
"2015*";"50 to 59 years";"Leisure";"0.99";"14.48";"35.05";"0.31";"22.57";"30.12";"0.12";"29.69";"37.20";".";".";".";"0.02";"9.55";"30.31";"0.21";"6.42";"35.57";"0.29";"2.54";"36.36";"0.02";"26.31";"55.75"
"2015*";"50 to 59 years";"Other";"0.44";"16.75";"23.47";"0.26";"20.34";"25.31";"0.04";"23.75";"29.59";".";".";".";".";".";".";"0.07";"2.66";"14.19";"0.04";"0.83";"10.71";".";".";"."
"2015*";"60 to 64 years";"Travel to/from work, (non)-daily commute";"0.55";"15.77";"24.81";"0.23";"23.75";"29.57";".";".";".";".";".";".";".";".";".";"0.15";"4.15";"18.47";"0.05";"0.83";"9.58";".";".";"."
"2015*";"60 to 64 years";"Shopping, groceries, funshopping.";"0.74";"5.08";"14.84";"0.25";"7.86";"15.59";"0.07";"10.97";"19.63";".";".";".";".";".";".";"0.25";"2.16";"12.37";"0.13";"0.92";"13.39";".";".";"."
"2015*";"60 to 64 years";"Attending education/courses";".";".";".";".";".";".";".";".";".";".";".";".";".";".";".";".";".";".";".";".";".";".";".";"."
"2015*";"60 to 64 years";"Leisure";"1.04";"15.25";"38.44";"0.29";"24.09";"31.97";"0.14";"30.65";"38.29";".";".";".";".";".";".";"0.25";"7.53";"41.68";"0.30";"2.65";"39.40";".";".";"."
"2015*";"60 to 64 years";"Other";"0.40";"14.91";"22.78";"0.21";"19.46";"25.33";"0.04";"22.84";"29.03";".";".";".";".";".";".";"0.07";"2.75";"14.48";"0.05";"0.92";"11.52";".";".";"."
"2015*";"65 to 69 years";"Travel to/from work, (non)-daily commute";"0.21";"13.21";"22.74";"0.09";"20.42";"27.01";".";".";".";".";".";".";".";".";".";"0.07";"3.44";"16.86";".";".";".";".";".";"."
"2015*";"65 to 69 years";"Shopping, groceries, funshopping.";"0.82";"5.10";"15.53";"0.26";"7.83";"16.02";"0.08";"10.88";"19.78";".";".";".";".";".";".";"0.28";"2.35";"13.34";"0.16";"0.98";"14.20";".";".";"."
"2015*";"65 to 69 years";"Attending education/courses";".";".";".";".";".";".";".";".";".";".";".";".";".";".";".";".";".";".";".";".";".";".";".";"."
"2015*";"65 to 69 years";"Leisure";"1.12";"15.35";"40.58";"0.31";"23.75";"32.66";"0.15";"28.92";"38.04";".";".";".";".";".";".";"0.29";"8.22";"47.28";"0.31";"2.65";"40.59";".";".";"."
"2015*";"65 to 69 years";"Other";"0.41";"12.44";"21.52";"0.20";"16.59";"23.63";"0.04";"21.11";"28.74";".";".";".";".";".";".";"0.08";"2.83";"15.22";"0.06";"0.93";"11.70";".";".";"."
"2016*";"18 to 24 years";"Travel to/from work, (non)-daily commute";"0.79";"12.15";"21.95";"0.23";"20.58";"27.49";"0.04";"18.62";"28.03";"0.05";"37.72";"40.20";"0.08";"9.10";"24.87";"0.22";"3.29";"16.31";"0.12";"0.70";"9.04";".";".";"."
"2016*";"18 to 24 years";"Shopping, groceries, funshopping.";"0.46";"5.55";"14.48";"0.10";"8.41";"15.64";"0.05";"12.36";"20.72";".";".";".";".";".";".";"0.12";"1.88";"11.30";"0.14";"0.69";"9.76";".";".";"."
"2016*";"18 to 24 years";"Attending education/courses";"0.75";"11.81";"22.37";"0.05";"25.57";"35.46";".";".";".";"0.11";"39.96";"42.29";"0.18";"10.31";"26.22";"0.19";"3.18";"16.09";"0.18";"0.70";"8.46";".";".";"."
"2016*";"18 to 24 years";"Leisure";"1.20";"13.14";"28.98";"0.25";"19.07";"28.07";"0.19";"24.14";"33.70";"0.06";"60.13";"59.94";"0.08";"9.71";"27.87";"0.32";"3.60";"21.93";"0.26";"1.87";"27.36";".";".";"."
"2016*";"18 to 24 years";"Other";"0.31";"13.49";"21.89";"0.10";"16.23";"22.40";".";".";".";".";".";".";".";".";".";".";".";".";".";".";".";".";".";"."
"2016*";"25 to 29 years";"Travel to/from work, (non)-daily commute";"1.06";"16.70";"25.22";"0.41";"26.13";"31.69";".";".";".";"0.08";"41.68";"41.70";"0.09";"8.68";"23.91";"0.24";"3.69";"17.55";"0.15";"0.74";"9.44";".";".";"."
"2016*";"25 to 29 years";"Shopping, groceries, funshopping.";"0.59";"5.18";"13.88";"0.19";"8.12";"15.09";"0.06";"11.95";"19.95";".";".";".";".";".";".";"0.14";"1.81";"11.26";"0.17";"0.71";"10.22";".";".";"."
"2016*";"25 to 29 years";"Attending education/courses";"0.12";"14.80";"24.02";".";".";".";".";".";".";".";".";".";".";".";".";".";".";".";".";".";".";".";".";"."
"2016*";"25 to 29 years";"Leisure";"1.16";"14.26";"30.65";"0.34";"21.00";"28.37";"0.16";"27.50";"34.73";"0.04";"59.70";"59.84";".";".";".";"0.26";"4.09";"25.04";"0.29";"2.08";"30.98";".";".";"."
"2016*";"25 to 29 years";"Other";"0.41";"13.15";"20.88";"0.19";"16.68";"22.67";".";".";".";".";".";".";".";".";".";".";".";".";".";".";".";".";".";"."
"2016*";"30 to 39 years";"Travel to/from work, (non)-daily commute";"0.93";"17.71";"26.16";"0.42";"25.61";"31.32";"0.03";"24.73";"32.55";"0.06";"41.84";"42.11";"0.06";"8.67";"24.10";"0.20";"4.05";"18.46";"0.11";"0.78";"9.67";"0.05";"22.01";"30.14"
"2016*";"30 to 39 years";"Shopping, groceries, funshopping.";"0.63";"5.14";"13.57";"0.26";"7.30";"13.95";"0.05";"12.29";"19.83";".";".";".";".";".";".";"0.14";"1.84";"11.16";"0.15";"0.77";"11.02";".";".";"."
"2016*";"30 to 39 years";"Attending education/courses";"0.07";"14.07";"22.92";"0.02";"24.57";"29.93";".";".";".";".";".";".";".";".";".";".";".";".";".";".";".";".";".";"."
"2016*";"30 to 39 years";"Leisure";"1.00";"14.09";"31.06";"0.35";"20.67";"27.58";"0.14";"27.60";"34.79";".";".";".";"0.03";"8.38";"27.63";"0.19";"4.49";"27.56";"0.26";"2.18";"33.33";".";".";"."
"2016*";"30 to 39 years";"Other";"0.72";"9.41";"16.51";"0.36";"13.24";"19.15";"0.04";"19.48";"25.73";".";".";".";".";".";".";"0.17";"1.84";"10.33";"0.12";"0.69";"8.86";".";".";"."
"2016*";"40 to 49 years";"Travel to/from work, (non)-daily commute";"0.88";"17.41";"25.97";"0.43";"24.71";"30.50";"0.02";"22.38";"30.51";"0.04";"41.97";"42.52";"0.05";"9.16";"24.67";"0.20";"4.29";"18.70";"0.09";"0.83";"9.96";"0.06";"22.54";"30.00"
"2016*";"40 to 49 years";"Shopping, groceries, funshopping.";"0.67";"5.10";"13.14";"0.30";"7.15";"13.70";"0.05";"11.44";"19.17";".";".";".";".";".";".";"0.18";"1.78";"10.47";"0.11";"0.78";"10.93";".";".";"."
"2016*";"40 to 49 years";"Attending education/courses";"0.05";"16.29";"24.46";"0.02";"25.54";"30.27";".";".";".";".";".";".";".";".";".";".";".";".";".";".";".";".";".";"."
"2016*";"40 to 49 years";"Leisure";"0.97";"13.48";"31.54";"0.34";"20.34";"27.33";"0.11";"27.66";"34.81";".";".";".";".";".";".";"0.20";"5.02";"29.28";"0.27";"2.42";"34.54";".";".";"."
"2016*";"40 to 49 years";"Other";"0.67";"11.21";"18.17";"0.36";"14.93";"20.79";"0.03";"21.95";"27.37";".";".";".";".";".";".";"0.15";"1.97";"10.80";"0.08";"0.70";"8.93";".";".";"."
"2016*";"50 to 59 years";"Travel to/from work, (non)-daily commute";"0.83";"16.68";"25.74";"0.38";"24.24";"30.23";"0.02";"21.76";"28.70";"0.03";"42.39";"44.29";"0.04";"9.57";"25.44";"0.22";"4.48";"19.06";"0.08";"0.85";"9.93";"0.06";"22.38";"30.97"
"2016*";"50 to 59 years";"Shopping, groceries, funshopping.";"0.70";"5.24";"13.90";"0.28";"7.54";"14.62";"0.06";"11.95";"19.94";".";".";".";".";".";".";"0.21";"1.96";"11.23";"0.12";"0.82";"11.29";".";".";"."
"2016*";"50 to 59 years";"Attending education/courses";"0.03";"19.19";"26.94";".";".";".";".";".";".";".";".";".";".";".";".";".";".";".";".";".";".";".";".";"."
"2016*";"50 to 59 years";"Leisure";"0.98";"14.38";"34.83";"0.31";"22.47";"29.99";"0.12";"29.17";"37.07";".";".";".";".";".";".";"0.20";"6.38";"35.51";"0.29";"2.49";"36.05";"0.02";"24.69";"53.89"
"2016*";"50 to 59 years";"Other";"0.42";"16.61";"23.39";"0.25";"20.25";"25.19";"0.03";"23.79";"29.57";".";".";".";".";".";".";"0.06";"2.65";"14.05";"0.04";"0.83";"10.78";".";".";"."
"2016*";"60 to 64 years";"Travel to/from work, (non)-daily commute";"0.57";"15.83";"24.97";"0.24";"23.88";"29.70";".";".";".";".";".";".";".";".";".";"0.16";"4.20";"18.55";"0.06";"0.83";"9.91";".";".";"."
"2016*";"60 to 64 years";"Shopping, groceries, funshopping.";"0.73";"5.00";"14.53";"0.25";"7.79";"15.47";"0.07";"10.91";"19.57";".";".";".";".";".";".";"0.24";"2.14";"12.22";"0.14";"0.87";"12.42";".";".";"."
"2016*";"60 to 64 years";"Attending education/courses";".";".";".";".";".";".";".";".";".";".";".";".";".";".";".";".";".";".";".";".";".";".";".";"."
"2016*";"60 to 64 years";"Leisure";"1.02";"15.15";"38.22";"0.29";"23.98";"31.84";"0.13";"30.17";"38.17";".";".";".";".";".";".";"0.24";"7.50";"41.58";"0.30";"2.60";"39.09";".";".";"."
"2016*";"60 to 64 years";"Other";"0.39";"14.97";"22.82";"0.20";"19.39";"25.25";"0.04";"22.94";"29.05";".";".";".";".";".";".";"0.07";"2.74";"14.33";"0.04";"0.92";"11.61";".";".";"."
"2016*";"65 to 69 years";"Travel to/from work, (non)-daily commute";"0.22";"13.16";"22.83";"0.09";"20.49";"27.14";".";".";".";".";".";".";".";".";".";"0.07";"3.48";"16.92";".";".";".";".";".";"."
"2016*";"65 to 69 years";"Shopping, groceries, funshopping.";"0.80";"4.98";"15.19";"0.25";"7.78";"15.92";"0.08";"10.82";"19.72";".";".";".";".";".";".";"0.28";"2.34";"13.18";"0.16";"0.93";"13.17";".";".";"."
"2016*";"65 to 69 years";"Attending education/courses";".";".";".";".";".";".";".";".";".";".";".";".";".";".";".";".";".";".";".";".";".";".";".";"."
"2016*";"65 to 69 years";"Leisure";"1.11";"15.22";"40.35";"0.31";"23.68";"32.59";"0.14";"28.45";"37.92";".";".";".";".";".";".";"0.28";"8.21";"47.18";"0.31";"2.60";"40.31";".";".";"."
"2016*";"65 to 69 years";"Other";"0.40";"12.45";"21.51";"0.19";"16.62";"23.63";"0.04";"21.37";"28.80";".";".";".";".";".";".";"0.08";"2.82";"15.06";"0.05";"0.93";"11.80";".";".";"."
"2017*";"18 to 24 years";"Travel to/from work, (non)-daily commute";"0.80";"12.23";"22.15";"0.24";"20.72";"27.64";"0.04";"18.65";"27.98";"0.05";"37.40";"40.13";"0.08";"8.69";"24.78";"0.22";"3.31";"16.45";"0.12";"0.73";"9.61";".";".";"."
"2017*";"18 to 24 years";"Shopping, groceries, funshopping.";"0.45";"5.67";"14.60";"0.09";"8.73";"15.79";"0.05";"12.94";"20.75";".";".";".";".";".";".";"0.12";"1.91";"11.32";"0.14";"0.71";"10.15";".";".";"."
"2017*";"18 to 24 years";"Attending education/courses";"0.74";"11.82";"22.50";"0.05";"26.04";"35.82";".";".";".";"0.11";"39.84";"42.12";"0.18";"10.00";"26.07";"0.19";"3.21";"16.27";"0.18";"0.74";"8.98";".";".";"."
"2017*";"18 to 24 years";"Leisure";"1.16";"13.23";"28.81";"0.25";"19.13";"28.03";"0.18";"24.23";"33.58";"0.06";"60.02";"59.50";"0.08";"9.90";"27.55";"0.31";"3.59";"21.63";"0.25";"1.90";"27.54";".";".";"."
"2017*";"18 to 24 years";"Other";"0.31";"13.60";"21.94";"0.10";"16.37";"22.48";".";".";".";".";".";".";".";".";".";".";".";".";".";".";".";".";".";"."
"2017*";"25 to 29 years";"Travel to/from work, (non)-daily commute";"1.07";"16.84";"25.43";"0.42";"26.36";"31.86";".";".";".";"0.08";"41.34";"41.62";"0.09";"8.29";"23.82";"0.25";"3.73";"17.73";"0.16";"0.77";"10.03";".";".";"."
"2017*";"25 to 29 years";"Shopping, groceries, funshopping.";"0.58";"5.31";"14.01";"0.18";"8.43";"15.21";".";".";".";".";".";".";".";".";".";"0.13";"1.84";"11.27";"0.17";"0.73";"10.61";".";".";"."
"2017*";"25 to 29 years";"Attending education/courses";"0.12";"14.69";"24.09";".";".";".";".";".";".";".";".";".";".";".";".";".";".";".";".";".";".";".";".";"."
"2017*";"25 to 29 years";"Leisure";"1.13";"14.40";"30.57";"0.33";"21.05";"28.31";"0.15";"27.61";"34.62";".";".";".";".";".";".";"0.26";"4.08";"24.76";"0.27";"2.13";"31.26";".";".";"."
"2017*";"25 to 29 years";"Other";"0.40";"13.27";"20.93";"0.18";"16.80";"22.72";".";".";".";".";".";".";".";".";".";".";".";".";"0.06";"0.77";"10.26";".";".";"."
"2017*";"30 to 39 years";"Travel to/from work, (non)-daily commute";"0.94";"17.83";"26.32";"0.43";"25.88";"31.49";"0.02";"24.91";"32.47";"0.06";"41.48";"42.00";"0.06";"8.28";"24.00";"0.21";"4.09";"18.66";"0.12";"0.81";"10.27";"0.05";"24.04";"31.39"
"2017*";"30 to 39 years";"Shopping, groceries, funshopping.";"0.62";"5.32";"13.74";"0.25";"7.56";"14.04";"0.05";"12.87";"19.89";".";".";".";".";".";".";"0.14";"1.86";"11.16";"0.15";"0.80";"11.45";".";".";"."
"2017*";"30 to 39 years";"Attending education/courses";"0.06";"14.10";"23.21";".";".";".";".";".";".";".";".";".";".";".";".";"0.01";"2.79";"15.26";".";".";".";".";".";"."
"2017*";"30 to 39 years";"Leisure";"0.98";"14.24";"30.95";"0.34";"20.77";"27.52";"0.13";"27.73";"34.69";".";".";".";"0.03";"8.53";"27.29";"0.19";"4.48";"27.28";"0.25";"2.23";"33.59";".";".";"."
"2017*";"30 to 39 years";"Other";"0.72";"9.44";"16.47";"0.35";"13.33";"19.12";"0.04";"19.62";"25.75";".";".";".";".";".";".";"0.17";"1.85";"10.35";"0.12";"0.68";"8.91";".";".";"."
"2017*";"40 to 49 years";"Travel to/from work, (non)-daily commute";"0.90";"17.67";"26.20";"0.44";"24.97";"30.65";"0.02";"22.66";"30.49";"0.04";"41.60";"42.40";"0.05";"8.76";"24.59";"0.21";"4.35";"18.92";"0.09";"0.87";"10.60";"0.06";"24.65";"31.27"
"2017*";"40 to 49 years";"Shopping, groceries, funshopping.";"0.67";"5.30";"13.27";"0.30";"7.37";"13.77";"0.05";"11.98";"19.21";".";".";".";".";".";".";"0.17";"1.80";"10.46";"0.11";"0.80";"11.34";".";".";"."
"2017*";"40 to 49 years";"Attending education/courses";"0.05";"16.58";"24.93";"0.02";"26.03";"30.74";".";".";".";".";".";".";".";".";".";"0.01";"2.92";"15.61";".";".";".";".";".";"."
"2017*";"40 to 49 years";"Leisure";"0.95";"13.61";"31.38";"0.34";"20.38";"27.21";"0.11";"27.78";"34.71";".";".";".";".";".";".";"0.20";"5.00";"28.98";"0.25";"2.49";"34.75";".";".";"."
"2017*";"40 to 49 years";"Other";"0.67";"11.23";"18.10";"0.36";"14.99";"20.73";"0.03";"22.05";"27.35";".";".";".";".";".";".";"0.16";"1.97";"10.80";"0.08";"0.69";"8.95";".";".";"."
"2017*";"50 to 59 years";"Travel to/from work, (non)-daily commute";"0.84";"17.03";"26.03";"0.39";"24.52";"30.38";"0.02";"22.04";"28.72";"0.03";"42.04";"44.21";"0.04";"9.16";"25.35";"0.22";"4.55";"19.30";"0.08";"0.89";"10.52";"0.06";"24.46";"32.24"
"2017*";"50 to 59 years";"Shopping, groceries, funshopping.";"0.69";"5.41";"13.99";"0.28";"7.76";"14.69";"0.06";"12.50";"19.98";".";".";".";".";".";".";"0.20";"1.99";"11.21";"0.12";"0.84";"11.72";".";".";"."
"2017*";"50 to 59 years";"Attending education/courses";"0.03";"19.40";"27.22";".";".";".";".";".";".";".";".";".";".";".";".";".";".";".";".";".";".";".";".";"."
"2017*";"50 to 59 years";"Leisure";"0.96";"14.48";"34.64";"0.31";"22.49";"29.86";"0.12";"29.24";"36.97";".";".";".";".";".";".";"0.20";"6.33";"35.07";"0.28";"2.55";"36.22";"0.02";"22.13";"50.67"
"2017*";"50 to 59 years";"Other";"0.42";"16.67";"23.32";"0.25";"20.28";"25.14";"0.03";"23.84";"29.55";".";".";".";".";".";".";"0.06";"2.65";"14.03";"0.04";"0.82";"10.80";".";".";"."
"2017*";"60 to 64 years";"Travel to/from work, (non)-daily commute";"0.60";"16.19";"25.27";"0.26";"24.19";"29.86";".";".";".";".";".";".";".";".";".";"0.17";"4.28";"18.79";"0.06";"0.87";"10.49";".";".";"."
"2017*";"60 to 64 years";"Shopping, groceries, funshopping.";"0.72";"5.17";"14.63";"0.25";"8.03";"15.54";"0.07";"11.41";"19.60";".";".";".";".";".";".";"0.24";"2.16";"12.19";"0.13";"0.89";"12.89";".";".";"."
"2017*";"60 to 64 years";"Attending education/courses";".";".";".";".";".";".";".";".";".";".";".";".";".";".";".";".";".";".";".";".";".";".";".";"."
"2017*";"60 to 64 years";"Leisure";"1.00";"15.28";"38.03";"0.29";"24.02";"31.73";"0.13";"30.30";"38.09";".";".";".";".";".";".";"0.24";"7.49";"41.10";"0.28";"2.66";"39.27";".";".";"."
"2017*";"60 to 64 years";"Other";"0.38";"15.06";"22.81";"0.20";"19.40";"25.21";".";".";".";".";".";".";".";".";".";"0.07";"2.74";"14.29";"0.04";"0.91";"11.64";".";".";"."
"2017*";"65 to 69 years";"Travel to/from work, (non)-daily commute";"0.23";"13.39";"23.05";"0.10";"20.71";"27.30";".";".";".";".";".";".";".";".";".";"0.07";"3.55";"17.10";".";".";".";".";".";"."
"2017*";"65 to 69 years";"Shopping, groceries, funshopping.";"0.80";"5.12";"15.28";"0.25";"8.01";"16.00";"0.08";"11.31";"19.75";".";".";".";".";".";".";"0.28";"2.36";"13.16";"0.16";"0.96";"13.67";".";".";"."
"2017*";"65 to 69 years";"Attending education/courses";".";".";".";".";".";".";".";".";".";".";".";".";".";".";".";".";".";".";".";".";".";".";".";"."
"2017*";"65 to 69 years";"Leisure";"1.09";"15.33";"40.21";"0.31";"23.75";"32.51";"0.14";"28.55";"37.83";".";".";".";".";".";".";"0.28";"8.23";"46.68";"0.30";"2.68";"40.56";".";".";"."
"2017*";"65 to 69 years";"Other";"0.39";"12.49";"21.48";"0.19";"16.70";"23.64";"0.04";"21.64";"28.84";".";".";".";".";".";".";"0.08";"2.83";"15.02";"0.05";"0.92";"11.85";".";".";"."
"2018*";"18 to 24 years";"Travel to/from work, (non)-daily commute";"0.82";"12.17";"21.89";"0.24";"20.92";"27.60";"0.04";"18.65";"27.81";"0.05";"37.43";"40.31";"0.08";"8.57";"24.77";"0.23";"3.32";"16.37";"0.13";"0.70";"8.89";"0.05";"15.52";"25.65"
"2018*";"18 to 24 years";"Shopping, groceries, funshopping.";"0.45";"5.64";"14.55";"0.09";"8.78";"15.87";"0.05";"12.96";"20.83";"0.01";"43.96";"46.40";"0.03";"7.10";"23.33";"0.12";"1.91";"11.39";"0.14";"0.70";"9.78";".";".";"."
"2018*";"18 to 24 years";"Attending education/courses";"0.75";"11.83";"22.35";"0.05";"25.90";"35.87";"0.02";"19.86";"29.12";"0.11";"40.27";"42.41";"0.17";"10.10";"26.04";"0.19";"3.21";"16.18";"0.18";"0.70";"8.41";".";".";"."
"2018*";"18 to 24 years";"Leisure";"1.19";"13.22";"28.86";"0.25";"19.68";"28.24";"0.18";"24.86";"33.67";"0.06";"59.15";"59.19";"0.08";"9.07";"27.51";"0.32";"3.61";"21.78";"0.26";"1.93";"27.43";"0.04";"13.69";"37.18"
"2018*";"18 to 24 years";"Other";"0.33";"13.24";"21.59";"0.11";"16.31";"22.44";"0.04";"19.60";"26.46";"0.02";"62.55";"58.66";"0.03";"8.35";"24.57";"0.07";"2.64";"14.71";"0.05";"0.78";"9.79";".";".";"."
"2018*";"25 to 29 years";"Travel to/from work, (non)-daily commute";"1.11";"16.84";"25.19";"0.43";"26.65";"31.83";"0.03";"23.54";"31.40";"0.09";"41.38";"41.81";"0.09";"8.18";"23.78";"0.26";"3.74";"17.66";"0.17";"0.73";"9.29";"0.05";"22.99";"30.44"
"2018*";"25 to 29 years";"Shopping, groceries, funshopping.";"0.58";"5.28";"13.93";"0.18";"8.48";"15.27";"0.06";"12.53";"20.12";".";".";".";".";".";".";"0.13";"1.84";"11.33";"0.17";"0.71";"10.20";".";".";"."
"2018*";"25 to 29 years";"Attending education/courses";"0.12";"14.58";"23.91";"0.02";"35.50";"38.49";".";".";".";".";".";".";"0.02";"8.75";"25.35";"0.04";"3.05";"15.85";"0.02";"0.78";"9.37";".";".";"."
"2018*";"25 to 29 years";"Leisure";"1.17";"14.50";"30.73";"0.33";"21.65";"28.49";"0.15";"28.35";"34.70";"0.05";"58.78";"59.10";"0.05";"7.93";"27.16";"0.27";"4.11";"24.98";"0.28";"2.16";"31.19";"0.03";"19.21";"45.36"
"2018*";"25 to 29 years";"Other";"0.41";"12.92";"20.62";"0.18";"16.71";"22.63";"0.04";"21.12";"26.99";".";".";".";"0.02";"6.82";"23.39";"0.08";"2.47";"13.60";"0.07";"0.77";"10.07";".";".";"."
"2018*";"30 to 39 years";"Travel to/from work, (non)-daily commute";"0.98";"17.85";"26.08";"0.44";"26.20";"31.45";"0.02";"24.98";"32.19";"0.06";"41.53";"42.17";"0.06";"8.17";"23.97";"0.22";"4.12";"18.61";"0.12";"0.77";"9.50";"0.05";"24.55";"31.39"
"2018*";"30 to 39 years";"Shopping, groceries, funshopping.";"0.62";"5.31";"13.67";"0.25";"7.58";"14.08";"0.05";"12.91";"20.00";".";".";".";"0.01";"5.92";"22.61";"0.14";"1.87";"11.21";"0.15";"0.78";"11.01";".";".";"."
"2018*";"30 to 39 years";"Attending education/courses";"0.06";"14.47";"23.53";"0.02";"24.92";"30.69";".";".";".";".";".";".";".";".";".";".";".";".";".";".";".";".";".";"."
"2018*";"30 to 39 years";"Leisure";"1.01";"14.35";"31.13";"0.34";"21.38";"27.68";"0.13";"28.49";"34.79";"0.02";"58.79";"59.35";"0.03";"7.82";"27.24";"0.20";"4.51";"27.54";"0.26";"2.27";"33.48";"0.02";"22.15";"47.65"
"2018*";"30 to 39 years";"Other";"0.75";"9.21";"16.21";"0.36";"13.27";"18.99";"0.04";"19.41";"25.62";"0.01";"58.07";"55.17";"0.01";"6.77";"24.12";"0.18";"1.86";"10.27";"0.13";"0.69";"8.73";"0.02";"18.32";"27.74"
"2018*";"40 to 49 years";"Travel to/from work, (non)-daily commute";"0.94";"17.70";"25.97";"0.45";"25.30";"30.60";"0.02";"22.81";"30.25";"0.04";"41.61";"42.55";"0.05";"8.65";"24.57";"0.22";"4.38";"18.89";"0.10";"0.82";"9.80";"0.06";"25.26";"31.31"
"2018*";"40 to 49 years";"Shopping, groceries, funshopping.";"0.67";"5.29";"13.23";"0.30";"7.36";"13.79";"0.05";"12.01";"19.31";".";".";".";".";".";".";"0.18";"1.81";"10.50";"0.11";"0.78";"10.90";"0.01";"5.91";"15.60"
"2018*";"40 to 49 years";"Attending education/courses";"0.04";"16.58";"25.08";"0.02";"25.99";"31.02";".";".";".";".";".";".";".";".";".";"0.01";"2.92";"15.65";".";".";".";".";".";"."
"2018*";"40 to 49 years";"Leisure";"0.99";"13.73";"31.57";"0.34";"20.97";"27.33";"0.11";"28.52";"34.82";"0.01";"59.89";"61.50";"0.02";"8.02";"27.86";"0.21";"5.03";"29.23";"0.27";"2.53";"34.58";"0.02";"23.65";"50.90"
"2018*";"40 to 49 years";"Other";"0.71";"10.79";"17.66";"0.37";"14.87";"20.55";"0.03";"21.77";"27.20";".";".";".";"0.01";"7.11";"25.19";"0.18";"1.97";"10.68";"0.09";"0.69";"8.75";"0.02";"22.56";"30.67"
"2018*";"50 to 59 years";"Travel to/from work, (non)-daily commute";"0.88";"17.16";"25.84";"0.41";"24.86";"30.32";"0.02";"22.32";"28.64";"0.03";"42.04";"44.35";"0.04";"9.04";"25.33";"0.23";"4.59";"19.25";"0.09";"0.85";"9.70";"0.06";"25.06";"32.27"
"2018*";"50 to 59 years";"Shopping, groceries, funshopping.";"0.69";"5.41";"13.96";"0.28";"7.75";"14.71";"0.06";"12.52";"20.09";".";".";".";"0.01";"6.78";"24.81";"0.20";"1.99";"11.24";"0.12";"0.82";"11.26";"0.02";"5.87";"16.54"
"2018*";"50 to 59 years";"Attending education/courses";"0.03";"19.49";"27.31";"0.01";"28.97";"33.25";".";".";".";".";".";".";".";".";".";".";".";".";".";".";".";".";".";"."
"2018*";"50 to 59 years";"Leisure";"1.01";"14.62";"34.82";"0.32";"23.08";"29.97";"0.12";"29.97";"37.08";"0.01";"62.60";"64.88";"0.02";"8.61";"29.64";"0.21";"6.38";"35.45";"0.30";"2.59";"35.98";"0.02";"26.10";"54.77"
"2018*";"50 to 59 years";"Other";"0.44";"16.17";"22.91";"0.26";"20.05";"24.92";"0.03";"23.50";"29.41";".";".";".";"0.01";"7.23";"26.04";"0.07";"2.65";"13.85";"0.04";"0.82";"10.54";"0.02";"22.96";"31.22"
"2018*";"60 to 64 years";"Travel to/from work, (non)-daily commute";"0.65";"16.29";"25.07";"0.28";"24.54";"29.82";"0.02";"22.27";"28.13";"0.02";"41.69";"44.12";"0.03";"9.11";"25.99";"0.18";"4.33";"18.76";"0.07";"0.83";"9.66";"0.04";"23.46";"30.96"
"2018*";"60 to 64 years";"Shopping, groceries, funshopping.";"0.72";"5.17";"14.59";"0.25";"8.00";"15.55";"0.07";"11.42";"19.69";".";".";".";".";".";".";"0.24";"2.16";"12.22";"0.13";"0.87";"12.39";".";".";"."
"2018*";"60 to 64 years";"Attending education/courses";"0.02";"13.20";"23.00";".";".";".";".";".";".";".";".";".";".";".";".";".";".";".";".";".";".";".";".";"."
"2018*";"60 to 64 years";"Leisure";"1.03";"15.37";"38.25";"0.29";"24.69";"31.89";"0.13";"31.10";"38.20";".";".";".";".";".";".";"0.25";"7.57";"41.52";"0.30";"2.71";"39.04";".";".";"."
"2018*";"60 to 64 years";"Other";"0.40";"14.54";"22.35";"0.21";"19.18";"25.03";"0.04";"22.78";"28.92";".";".";".";".";".";".";"0.08";"2.75";"14.09";"0.05";"0.91";"11.39";".";".";"."
"2018*";"65 to 69 years";"Travel to/from work, (non)-daily commute";"0.26";"13.33";"22.75";"0.11";"20.97";"27.28";".";".";".";".";".";".";".";".";".";"0.08";"3.59";"17.06";"0.03";"0.83";"10.56";".";".";"."
"2018*";"65 to 69 years";"Shopping, groceries, funshopping.";"0.80";"5.09";"15.21";"0.25";"7.99";"16.02";"0.08";"11.32";"19.83";".";".";".";".";".";".";"0.28";"2.36";"13.20";"0.15";"0.93";"13.15";".";".";"."
"2018*";"65 to 69 years";"Attending education/courses";".";".";".";".";".";".";".";".";".";".";".";".";".";".";".";".";".";".";".";".";".";".";".";"."
"2018*";"65 to 69 years";"Leisure";"1.13";"15.52";"40.52";"0.31";"24.42";"32.71";"0.14";"29.29";"37.94";".";".";".";".";".";".";"0.29";"8.33";"47.14";"0.31";"2.73";"40.37";"0.02";"32.02";"60.64"
"2018*";"65 to 69 years";"Other";"0.42";"12.12";"21.10";"0.20";"16.57";"23.52";"0.04";"21.55";"28.75";".";".";".";".";".";".";"0.09";"2.83";"14.80";"0.06";"0.92";"11.59";".";".";"."
"2019*";"18 to 24 years";"Travel to/from work, (non)-daily commute";"0.77";"12.04";"21.81";"0.22";"20.96";"27.62";"0.03";"18.42";"27.63";"0.05";"37.45";"40.37";"0.08";"8.45";"24.59";"0.22";"3.33";"16.34";"0.12";"0.71";"9.06";"0.05";"14.61";"24.83"
"2019*";"18 to 24 years";"Shopping, groceries, funshopping.";"0.43";"5.76";"14.62";"0.09";"8.93";"15.91";"0.05";"13.31";"20.84";".";".";".";"0.03";"6.93";"23.26";"0.11";"1.93";"11.38";"0.13";"0.69";"9.84";".";".";"."
"2019*";"18 to 24 years";"Attending education/courses";"0.76";"11.67";"22.16";"0.05";"26.21";"36.10";"0.02";"19.68";"29.02";"0.11";"40.17";"42.23";"0.17";"9.73";"25.83";"0.20";"3.23";"16.21";"0.19";"0.70";"8.32";".";".";"."
"2019*";"18 to 24 years";"Leisure";"1.16";"13.32";"28.76";"0.24";"19.69";"28.29";"0.18";"25.11";"33.74";"0.06";"59.36";"59.35";"0.08";"9.20";"27.47";"0.32";"3.59";"21.83";"0.25";"1.90";"26.91";"0.04";"13.88";"35.47"
"2019*";"18 to 24 years";"Other";"0.32";"13.60";"21.94";"0.11";"16.69";"22.72";"0.04";"19.80";"26.54";"0.02";"62.28";"58.75";"0.02";"8.56";"24.83";"0.06";"2.67";"14.97";"0.05";"0.78";"9.88";".";".";"."
"2019*";"25 to 29 years";"Travel to/from work, (non)-daily commute";"1.05";"16.79";"25.16";"0.40";"26.76";"31.87";"0.03";"23.49";"31.31";"0.09";"41.41";"41.86";"0.08";"8.06";"23.59";"0.25";"3.76";"17.65";"0.16";"0.75";"9.47";"0.05";"21.59";"29.44"
"2019*";"25 to 29 years";"Shopping, groceries, funshopping.";"0.55";"5.45";"14.01";"0.18";"8.61";"15.30";"0.05";"12.87";"20.15";".";".";".";".";".";".";"0.13";"1.85";"11.32";"0.16";"0.70";"10.24";".";".";"."
"2019*";"25 to 29 years";"Attending education/courses";"0.12";"14.17";"23.55";".";".";".";".";".";".";".";".";".";".";".";".";"0.04";"3.07";"15.91";"0.02";"0.79";"9.29";".";".";"."
"2019*";"25 to 29 years";"Leisure";"1.15";"14.58";"30.66";"0.32";"21.65";"28.52";"0.15";"28.64";"34.78";"0.05";"59.04";"59.29";"0.05";"8.04";"27.12";"0.27";"4.09";"25.09";"0.28";"2.13";"30.66";"0.03";"19.46";"43.51"
"2019*";"25 to 29 years";"Other";"0.41";"13.28";"20.96";"0.18";"17.07";"22.89";"0.04";"21.37";"27.10";".";".";".";".";".";".";"0.07";"2.50";"13.86";"0.06";"0.77";"10.17";".";".";"."
"2019*";"30 to 39 years";"Travel to/from work, (non)-daily commute";"0.93";"17.81";"26.02";"0.41";"26.35";"31.49";"0.02";"24.91";"32.05";"0.06";"41.55";"42.19";"0.06";"8.05";"23.78";"0.21";"4.15";"18.62";"0.12";"0.78";"9.69";"0.05";"23.19";"30.42"
"2019*";"30 to 39 years";"Shopping, groceries, funshopping.";"0.60";"5.48";"13.74";"0.25";"7.67";"14.09";"0.05";"13.27";"20.04";".";".";".";"0.01";"5.78";"22.50";"0.13";"1.88";"11.19";"0.14";"0.77";"11.06";".";".";"."
"2019*";"30 to 39 years";"Attending education/courses";"0.05";"14.13";"23.30";"0.02";"25.38";"31.20";".";".";".";".";".";".";".";".";".";".";".";".";".";".";".";".";".";"."
"2019*";"30 to 39 years";"Leisure";"0.99";"14.39";"31.04";"0.33";"21.41";"27.70";"0.13";"28.80";"34.89";"0.02";"59.08";"59.52";"0.03";"7.92";"27.18";"0.20";"4.48";"27.68";"0.26";"2.24";"32.88";"0.02";"22.39";"45.79"
"2019*";"30 to 39 years";"Other";"0.75";"9.46";"16.45";"0.36";"13.58";"19.16";"0.04";"19.66";"25.76";"0.01";"57.79";"55.16";"0.01";"6.94";"24.40";"0.18";"1.88";"10.45";"0.13";"0.69";"8.81";"0.02";"18.34";"29.03"
"2019*";"40 to 49 years";"Travel to/from work, (non)-daily commute";"0.90";"17.73";"25.96";"0.43";"25.47";"30.63";"0.02";"22.84";"30.16";"0.04";"41.63";"42.57";"0.04";"8.54";"24.39";"0.21";"4.42";"18.91";"0.09";"0.84";"10.00";"0.06";"23.81";"30.30"
"2019*";"40 to 49 years";"Shopping, groceries, funshopping.";"0.65";"5.42";"13.26";"0.30";"7.43";"13.78";"0.05";"12.33";"19.33";".";".";".";"0.01";"6.51";"23.36";"0.17";"1.82";"10.47";"0.10";"0.78";"10.94";".";".";"."
"2019*";"40 to 49 years";"Attending education/courses";"0.04";"16.34";"24.98";"0.01";"26.29";"31.36";".";".";".";".";".";".";".";".";".";".";".";".";".";".";".";".";".";"."
"2019*";"40 to 49 years";"Leisure";"0.98";"13.73";"31.40";"0.34";"20.98";"27.31";"0.11";"28.82";"34.93";"0.01";"60.09";"61.60";"0.02";"8.11";"27.81";"0.20";"4.98";"29.38";"0.27";"2.51";"33.90";"0.02";"23.84";"48.86"
"2019*";"40 to 49 years";"Other";"0.72";"11.05";"17.89";"0.39";"15.17";"20.68";"0.03";"22.05";"27.36";".";".";".";".";".";".";"0.17";"1.99";"10.86";"0.09";"0.69";"8.81";"0.02";"22.39";"32.01"
"2019*";"50 to 59 years";"Travel to/from work, (non)-daily commute";"0.85";"17.20";"25.84";"0.39";"25.07";"30.37";"0.02";"22.18";"28.45";"0.04";"42.03";"44.35";"0.04";"8.92";"25.14";"0.22";"4.65";"19.28";"0.08";"0.86";"9.85";"0.06";"23.63";"31.21"
"2019*";"50 to 59 years";"Shopping, groceries, funshopping.";"0.67";"5.57";"14.00";"0.28";"7.80";"14.68";"0.06";"12.85";"20.10";".";".";".";"0.01";"6.62";"24.72";"0.19";"2.00";"11.19";"0.11";"0.81";"11.29";"0.02";"6.20";"16.43"
"2019*";"50 to 59 years";"Attending education/courses";"0.03";"19.39";"27.29";"0.01";"29.28";"33.45";".";".";".";".";".";".";".";".";".";".";".";".";".";".";".";".";".";"."
"2019*";"50 to 59 years";"Leisure";"0.99";"14.61";"34.62";"0.31";"23.08";"29.97";"0.12";"30.24";"37.19";"0.01";"62.82";"65.05";"0.02";"8.69";"29.60";"0.21";"6.31";"35.59";"0.30";"2.56";"35.21";"0.02";"26.34";"52.59"
"2019*";"50 to 59 years";"Other";"0.44";"16.57";"23.24";"0.27";"20.35";"25.09";"0.03";"23.75";"29.59";"0.01";"64.69";"61.19";".";".";".";"0.07";"2.69";"14.07";"0.04";"0.82";"10.60";"0.02";"22.72";"32.59"
"2019*";"60 to 64 years";"Travel to/from work, (non)-daily commute";"0.63";"16.45";"25.14";"0.28";"24.80";"29.88";".";".";".";"0.02";"41.69";"44.14";"0.03";"8.98";"25.79";"0.18";"4.40";"18.80";"0.06";"0.84";"9.80";"0.04";"22.11";"29.85"
"2019*";"60 to 64 years";"Shopping, groceries, funshopping.";"0.70";"5.31";"14.61";"0.25";"8.06";"15.54";"0.06";"11.71";"19.70";".";".";".";".";".";".";"0.23";"2.17";"12.17";"0.12";"0.87";"12.43";".";".";"."
"2019*";"60 to 64 years";"Attending education/courses";"0.02";"12.86";"22.77";".";".";".";".";".";".";".";".";".";".";".";".";".";".";".";".";".";".";".";".";"."
"2019*";"60 to 64 years";"Leisure";"1.02";"15.43";"38.02";"0.29";"24.67";"31.88";"0.13";"31.43";"38.33";".";".";".";"0.02";"8.28";"29.69";"0.24";"7.54";"41.72";"0.30";"2.68";"38.22";".";".";"."
"2019*";"60 to 64 years";"Other";"0.40";"14.83";"22.63";"0.21";"19.45";"25.21";"0.04";"23.08";"29.12";".";".";".";".";".";".";"0.07";"2.78";"14.29";"0.04";"0.91";"11.46";".";".";"."
"2019*";"65 to 69 years";"Travel to/from work, (non)-daily commute";"0.24";"13.35";"22.77";"0.10";"21.14";"27.34";".";".";".";".";".";".";".";".";".";"0.08";"3.64";"17.06";"0.03";"0.84";"10.72";".";".";"."
"2019*";"65 to 69 years";"Shopping, groceries, funshopping.";"0.78";"5.21";"15.23";"0.25";"8.06";"16.02";"0.08";"11.60";"19.83";".";".";".";".";".";".";"0.27";"2.37";"13.16";"0.14";"0.93";"13.19";".";".";"."
"2019*";"65 to 69 years";"Attending education/courses";"0.02";"9.84";"20.85";".";".";".";".";".";".";".";".";".";".";".";".";".";".";".";".";".";".";".";".";"."
"2019*";"65 to 69 years";"Leisure";"1.12";"15.55";"40.37";"0.31";"24.43";"32.75";"0.14";"29.59";"38.07";"0.02";"80.20";"79.55";"0.03";"8.46";"30.09";"0.29";"8.32";"47.37";"0.32";"2.71";"39.57";".";".";"."
"2019*";"65 to 69 years";"Other";"0.42";"12.44";"21.40";"0.20";"16.86";"23.73";"0.04";"22.01";"28.98";".";".";".";".";".";".";"0.09";"2.87";"15.01";"0.06";"0.92";"11.68";".";".";"."
"2020*";"18 to 24 years";"Travel to/from work, (non)-daily commute";"0.55";"10.97";"20.55";"0.19";"18.69";"25.05";"0.03";"14.91";"24.27";"0.02";"35.66";"38.97";"0.04";"7.88";"24.00";"0.16";"3.32";"16.38";"0.07";"0.68";"8.79";"0.03";"10.35";"21.03"
"2020*";"18 to 24 years";"Shopping, groceries, funshopping.";"0.45";"4.46";"12.80";"0.10";"7.42";"13.81";"0.05";"10.45";"17.85";".";".";".";"0.02";"6.17";"21.84";"0.12";"1.84";"11.08";"0.14";"0.68";"9.32";".";".";"."
"2020*";"18 to 24 years";"Attending education/courses";"0.39";"11.89";"22.87";"0.04";"24.84";"34.79";"0.02";"18.55";"26.92";"0.05";"37.96";"41.11";"0.08";"9.66";"25.71";"0.10";"3.38";"17.06";"0.09";"0.72";"9.08";".";".";"."
"2020*";"18 to 24 years";"Leisure";"0.97";"11.30";"31.63";"0.19";"18.60";"28.78";"0.14";"22.44";"33.43";"0.03";"59.54";"60.74";"0.04";"8.84";"28.51";"0.25";"4.10";"26.01";"0.28";"2.40";"34.17";"0.03";"8.47";"37.34"
"2020*";"18 to 24 years";"Other";"0.30";"11.90";"19.97";"0.11";"14.93";"20.51";"0.04";"17.40";"23.74";"0.01";"57.37";"55.03";"0.02";"7.47";"23.81";"0.06";"2.71";"15.32";"0.05";"0.74";"9.80";".";".";"."
"2020*";"25 to 29 years";"Travel to/from work, (non)-daily commute";"0.68";"15.67";"23.79";"0.31";"23.96";"28.55";".";".";".";"0.04";"38.82";"40.23";"0.04";"7.56";"23.19";"0.16";"3.77";"17.81";"0.08";"0.73";"9.30";"0.04";"15.76";"24.77"
"2020*";"25 to 29 years";"Shopping, groceries, funshopping.";"0.56";"4.32";"12.25";"0.19";"7.14";"13.26";"0.05";"10.50";"17.53";".";".";".";".";".";".";"0.12";"1.79";"11.04";"0.18";"0.67";"9.45";".";".";"."
"2020*";"25 to 29 years";"Attending education/courses";"0.05";"16.12";"25.15";".";".";".";".";".";".";".";".";".";".";".";".";".";".";".";".";".";".";".";".";"."
"2020*";"25 to 29 years";"Leisure";"0.99";"12.13";"34.23";"0.26";"20.29";"28.71";"0.11";"25.43";"34.31";"0.03";"59.38";"60.89";"0.03";"7.82";"28.13";"0.21";"4.78";"30.60";"0.34";"2.67";"38.26";".";".";"."
"2020*";"25 to 29 years";"Other";"0.36";"11.52";"19.07";"0.17";"15.31";"20.81";"0.04";"18.91";"24.41";".";".";".";".";".";".";"0.06";"2.60";"14.48";"0.06";"0.74";"10.13";".";".";"."
"2020*";"30 to 39 years";"Travel to/from work, (non)-daily commute";"0.59";"16.31";"24.33";"0.30";"23.38";"28.12";"0.01";"19.63";"27.44";"0.02";"38.70";"40.42";"0.03";"7.55";"23.44";"0.13";"4.18";"18.91";"0.06";"0.75";"9.47";"0.04";"17.37";"25.73"
"2020*";"30 to 39 years";"Shopping, groceries, funshopping.";"0.60";"4.46";"12.07";"0.25";"6.64";"12.35";"0.04";"10.89";"17.46";".";".";".";".";".";".";"0.13";"1.82";"10.89";"0.16";"0.74";"10.13";".";".";"."
"2020*";"30 to 39 years";"Attending education/courses";"0.02";"16.41";"24.97";".";".";".";".";".";".";".";".";".";".";".";".";".";".";".";".";".";".";".";".";"."
"2020*";"30 to 39 years";"Leisure";"0.88";"11.66";"34.65";"0.26";"19.95";"27.77";"0.09";"25.31";"34.41";"0.01";"59.57";"61.00";"0.01";"7.67";"28.10";"0.15";"5.38";"34.27";"0.33";"2.70";"39.26";"0.02";"16.30";"48.33"
"2020*";"30 to 39 years";"Other";"0.64";"8.00";"14.97";"0.31";"11.71";"17.28";"0.03";"17.86";"23.53";".";".";".";".";".";".";"0.15";"1.96";"10.91";"0.12";"0.65";"8.54";".";".";"."
"2020*";"40 to 49 years";"Travel to/from work, (non)-daily commute";"0.59";"16.04";"24.19";"0.31";"22.54";"27.41";"0.01";"17.84";"25.73";"0.02";"39.20";"41.15";"0.02";"8.07";"24.05";"0.14";"4.47";"19.31";"0.05";"0.81";"9.80";"0.04";"18.12";"25.74"
"2020*";"40 to 49 years";"Shopping, groceries, funshopping.";"0.65";"4.38";"11.69";"0.30";"6.45";"12.13";"0.04";"9.87";"16.80";".";".";".";".";".";".";"0.17";"1.74";"10.16";"0.13";"0.74";"10.02";".";".";"."
"2020*";"40 to 49 years";"Attending education/courses";"0.02";"18.40";"26.26";".";".";".";".";".";".";".";".";".";".";".";".";".";".";".";".";".";".";".";".";"."
"2020*";"40 to 49 years";"Leisure";"0.90";"10.99";"34.94";"0.27";"19.36";"27.30";"0.08";"25.38";"34.56";".";".";".";".";".";".";"0.16";"6.11";"36.47";"0.36";"2.92";"39.10";"0.02";"18.24";"51.87"
"2020*";"40 to 49 years";"Other";"0.65";"9.26";"16.07";"0.34";"12.88";"18.47";"0.03";"20.29";"24.99";".";".";".";".";".";".";"0.15";"2.03";"11.14";"0.09";"0.64";"8.48";"0.02";"22.13";"28.71"
"2020*";"50 to 59 years";"Travel to/from work, (non)-daily commute";"0.59";"15.81";"24.20";"0.31";"22.27";"27.34";"0.01";"17.22";"24.61";"0.01";"39.49";"42.86";"0.02";"8.49";"24.84";"0.15";"4.63";"19.54";"0.04";"0.83";"9.51";"0.05";"18.31";"26.47"
"2020*";"50 to 59 years";"Shopping, groceries, funshopping.";"0.68";"4.57";"12.33";"0.29";"6.75";"12.86";"0.05";"10.34";"17.52";".";".";".";".";".";".";"0.18";"1.92";"10.76";"0.13";"0.77";"10.36";".";".";"."
"2020*";"50 to 59 years";"Attending education/courses";"0.01";"19.96";"27.23";".";".";".";".";".";".";".";".";".";".";".";".";".";".";".";".";".";".";".";".";"."
"2020*";"50 to 59 years";"Leisure";"0.90";"11.65";"37.84";"0.24";"21.36";"29.79";"0.08";"26.83";"36.90";".";".";".";".";".";".";"0.16";"7.83";"43.79";"0.38";"2.91";"39.54";"0.02";"20.30";"55.63"
"2020*";"50 to 59 years";"Other";"0.40";"14.22";"20.54";"0.24";"17.87";"22.34";"0.03";"22.19";"27.26";".";".";".";".";".";".";"0.06";"2.71";"13.85";"0.05";"0.78";"10.18";"0.02";"23.45";"30.11"
"2020*";"60 to 64 years";"Travel to/from work, (non)-daily commute";"0.45";"15.11";"23.54";"0.22";"22.42";"27.12";".";".";".";".";".";".";".";".";".";"0.13";"4.43";"19.09";"0.04";"0.80";"9.38";"0.04";"17.61";"25.48"
"2020*";"60 to 64 years";"Shopping, groceries, funshopping.";"0.67";"4.34";"12.92";"0.25";"6.94";"13.57";"0.05";"9.30";"17.15";".";".";".";".";".";".";"0.21";"2.08";"11.60";"0.14";"0.82";"11.34";".";".";"."
"2020*";"60 to 64 years";"Attending education/courses";".";".";".";".";".";".";".";".";".";".";".";".";".";".";".";".";".";".";".";".";".";".";".";"."
"2020*";"60 to 64 years";"Leisure";"0.90";"12.46";"41.70";"0.22";"23.17";"31.81";"0.09";"28.19";"38.06";".";".";".";".";".";".";"0.19";"9.28";"50.80";"0.38";"3.04";"42.54";".";".";"."
"2020*";"60 to 64 years";"Other";"0.36";"12.90";"20.22";"0.19";"17.61";"22.84";"0.03";"21.71";"26.81";".";".";".";".";".";".";"0.07";"2.82";"14.01";"0.05";"0.89";"11.15";".";".";"."
"2020*";"65 to 69 years";"Travel to/from work, (non)-daily commute";"0.20";"12.27";"21.36";"0.08";"19.28";"25.08";".";".";".";".";".";".";".";".";".";"0.06";"3.65";"17.29";".";".";".";".";".";"."
"2020*";"65 to 69 years";"Shopping, groceries, funshopping.";"0.74";"4.31";"13.60";"0.25";"6.92";"14.01";"0.06";"9.18";"17.23";".";".";".";".";".";".";"0.25";"2.31";"12.61";"0.16";"0.90";"12.17";".";".";"."
"2020*";"65 to 69 years";"Attending education/courses";".";".";".";".";".";".";".";".";".";".";".";".";".";".";".";".";".";".";".";".";".";".";".";"."
"2020*";"65 to 69 years";"Leisure";"0.96";"12.73";"44.46";"0.23";"23.04";"32.92";"0.09";"26.46";"37.90";".";".";".";".";".";".";"0.23";"10.30";"57.38";"0.38";"3.06";"44.04";".";".";"."
"2020*";"65 to 69 years";"Other";"0.38";"11.10";"19.48";"0.18";"15.45";"21.72";"0.04";"20.01";"26.49";".";".";".";".";".";".";"0.08";"2.89";"14.57";"0.06";"0.90";"11.37";".";".";"."
"2021*";"18 to 24 years";"Travel to/from work, (non)-daily commute";"0.54";"11.43";"21.21";"0.19";"19.36";"25.72";"0.03";"16.17";"25.45";"0.02";"34.75";"38.21";"0.04";"8.56";"25.53";"0.16";"3.36";"16.65";"0.07";"0.73";"9.44";"0.04";"11.92";"22.88"
"2021*";"18 to 24 years";"Shopping, groceries, funshopping.";"0.46";"4.53";"13.37";"0.10";"7.75";"14.41";"0.05";"11.32";"18.96";".";".";".";"0.02";"6.90";"23.89";"0.11";"1.86";"11.41";"0.16";"0.71";"9.91";"0.02";"3.32";"13.63"
"2021*";"18 to 24 years";"Attending education/courses";"0.42";"11.56";"22.88";"0.04";"25.63";"34.87";"0.02";"19.48";"27.43";"0.06";"36.04";"39.82";"0.09";"9.59";"26.99";"0.10";"3.34";"17.06";"0.10";"0.76";"9.46";".";".";"."
"2021*";"18 to 24 years";"Leisure";"1.07";"11.83";"33.83";"0.20";"19.95";"30.61";"0.15";"24.80";"36.25";"0.04";"58.98";"62.04";"0.05";"9.69";"31.69";"0.26";"4.12";"26.63";"0.34";"2.51";"36.45";"0.04";"9.56";"40.69"
"2021*";"18 to 24 years";"Other";"0.32";"11.90";"20.55";"0.11";"15.14";"21.09";"0.05";"18.05";"24.71";"0.01";"55.61";"54.34";"0.02";"8.71";"25.81";"0.06";"2.72";"15.58";"0.05";"0.80";"10.51";"0.02";"11.26";"24.15"
"2021*";"25 to 29 years";"Travel to/from work, (non)-daily commute";"0.67";"16.18";"24.42";"0.30";"24.69";"29.20";"0.02";"20.28";"28.44";"0.04";"37.87";"39.44";"0.04";"8.24";"24.77";"0.16";"3.81";"18.06";"0.08";"0.77";"9.94";"0.04";"17.97";"26.85"
"2021*";"25 to 29 years";"Shopping, groceries, funshopping.";"0.57";"4.42";"12.84";"0.18";"7.47";"13.90";"0.05";"11.31";"18.61";".";".";".";".";".";".";"0.11";"1.81";"11.38";"0.20";"0.70";"10.08";".";".";"."
"2021*";"25 to 29 years";"Attending education/courses";"0.06";"14.77";"24.35";".";".";".";".";".";".";".";".";".";".";".";".";"0.02";"3.22";"17.10";".";".";".";".";".";"."
"2021*";"25 to 29 years";"Leisure";"1.09";"12.68";"36.47";"0.26";"21.77";"30.58";"0.12";"28.10";"37.25";"0.03";"58.88";"62.27";"0.03";"8.57";"31.31";"0.22";"4.79";"31.01";"0.40";"2.79";"40.65";"0.02";"14.53";"49.38"
"2021*";"25 to 29 years";"Other";"0.39";"11.62";"19.72";"0.18";"15.57";"21.44";"0.04";"19.61";"25.39";".";".";".";".";".";".";"0.07";"2.62";"14.80";"0.07";"0.80";"10.88";".";".";"."
"2021*";"30 to 39 years";"Travel to/from work, (non)-daily commute";"0.57";"16.97";"25.05";"0.30";"24.11";"28.80";"0.01";"21.45";"28.90";"0.02";"37.83";"39.70";"0.02";"8.24";"25.04";"0.13";"4.22";"19.10";"0.05";"0.80";"10.13";"0.04";"19.91";"27.97"
"2021*";"30 to 39 years";"Shopping, groceries, funshopping.";"0.60";"4.56";"12.68";"0.24";"6.92";"12.97";"0.04";"11.70";"18.52";".";".";".";".";".";".";"0.12";"1.84";"11.23";"0.17";"0.77";"10.78";".";".";"."
"2021*";"30 to 39 years";"Attending education/courses";"0.03";"14.68";"23.77";".";".";".";".";".";".";".";".";".";".";".";".";".";".";".";".";".";".";".";".";"."
"2021*";"30 to 39 years";"Leisure";"0.97";"12.12";"37.08";"0.26";"21.49";"29.69";"0.10";"27.96";"37.27";"0.01";"58.92";"62.35";"0.02";"8.41";"31.29";"0.16";"5.34";"34.46";"0.39";"2.84";"41.85";"0.02";"17.42";"51.54"
"2021*";"30 to 39 years";"Other";"0.69";"8.11";"15.62";"0.33";"12.07";"18.02";"0.04";"18.40";"24.40";".";".";".";"0.01";"7.15";"25.77";"0.16";"1.99";"11.33";"0.13";"0.71";"9.32";"0.02";"14.98";"25.94"
"2021*";"40 to 49 years";"Travel to/from work, (non)-daily commute";"0.57";"16.61";"24.86";"0.30";"23.28";"28.12";"0.01";"19.39";"27.09";"0.01";"38.28";"40.38";"0.02";"8.78";"25.66";"0.14";"4.51";"19.50";"0.04";"0.87";"10.50";"0.04";"20.63";"27.91"
"2021*";"40 to 49 years";"Shopping, groceries, funshopping.";"0.65";"4.43";"12.26";"0.28";"6.70";"12.71";"0.04";"10.68";"17.85";".";".";".";".";".";".";"0.16";"1.77";"10.49";"0.15";"0.78";"10.69";"0.01";"4.66";"14.29"
"2021*";"40 to 49 years";"Attending education/courses";"0.02";"17.38";"25.51";".";".";".";".";".";".";".";".";".";".";".";".";".";".";".";".";".";".";".";".";"."
"2021*";"40 to 49 years";"Leisure";"0.99";"11.44";"37.37";"0.27";"20.89";"29.17";"0.09";"28.03";"37.40";".";".";".";".";".";".";"0.17";"6.02";"36.46";"0.43";"3.08";"41.92";"0.02";"19.27";"54.99"
"2021*";"40 to 49 years";"Other";"0.70";"9.36";"16.69";"0.37";"13.22";"19.16";"0.03";"20.77";"25.84";".";".";".";".";".";".";"0.17";"2.06";"11.52";"0.11";"0.70";"9.26";"0.02";"19.32";"29.17"
"2021*";"50 to 59 years";"Travel to/from work, (non)-daily commute";"0.58";"16.38";"24.92";"0.30";"23.05";"28.11";"0.01";"18.74";"25.89";"0.01";"38.61";"42.17";"0.02";"9.22";"26.55";"0.15";"4.69";"19.80";"0.04";"0.89";"10.23";"0.05";"20.79";"28.74"
"2021*";"50 to 59 years";"Shopping, groceries, funshopping.";"0.68";"4.70";"12.93";"0.29";"7.01";"13.46";"0.05";"11.17";"18.61";".";".";".";".";".";".";"0.18";"1.95";"11.10";"0.15";"0.81";"11.05";"0.02";"4.75";"15.17"
"2021*";"50 to 59 years";"Attending education/courses";"0.01";"19.15";"26.79";".";".";".";".";".";".";".";".";".";".";".";".";".";".";".";".";".";".";".";".";"."
"2021*";"50 to 59 years";"Leisure";"1.00";"12.12";"40.14";"0.25";"22.98";"31.76";"0.09";"29.56";"39.85";".";".";".";".";".";".";"0.17";"7.65";"43.33";"0.45";"3.09";"42.48";"0.02";"21.87";"59.35"
"2021*";"50 to 59 years";"Other";"0.44";"14.15";"21.12";"0.26";"18.10";"22.97";"0.03";"22.59";"28.06";".";".";".";".";".";".";"0.07";"2.73";"14.28";"0.05";"0.85";"11.06";"0.02";"20.46";"30.41"
"2021*";"60 to 64 years";"Travel to/from work, (non)-daily commute";"0.46";"15.73";"24.32";"0.22";"23.19";"27.92";".";".";".";".";".";".";".";".";".";"0.13";"4.49";"19.39";"0.04";"0.86";"10.13";"0.04";"19.99";"27.77"
"2021*";"60 to 64 years";"Shopping, groceries, funshopping.";"0.69";"4.44";"13.50";"0.25";"7.21";"14.18";"0.05";"10.09";"18.22";".";".";".";".";".";".";"0.21";"2.10";"11.94";"0.16";"0.86";"12.05";".";".";"."
"2021*";"60 to 64 years";"Attending education/courses";".";".";".";".";".";".";".";".";".";".";".";".";".";".";".";".";".";".";".";".";".";".";".";"."
"2021*";"60 to 64 years";"Leisure";"1.00";"12.94";"43.95";"0.23";"24.83";"33.84";"0.10";"31.01";"41.09";".";".";".";".";".";".";"0.20";"9.07";"50.10";"0.44";"3.23";"45.66";"0.02";"22.84";"61.31"
"2021*";"60 to 64 years";"Other";"0.40";"12.93";"20.91";"0.20";"17.77";"23.47";"0.03";"22.12";"27.72";".";".";".";".";".";".";"0.07";"2.85";"14.47";"0.06";"0.96";"12.06";".";".";"."
"2021*";"65 to 69 years";"Travel to/from work, (non)-daily commute";"0.20";"12.85";"22.21";"0.09";"19.95";"25.89";".";".";".";".";".";".";".";".";".";"0.07";"3.72";"17.65";".";".";".";".";".";"."
"2021*";"65 to 69 years";"Shopping, groceries, funshopping.";"0.75";"4.42";"14.21";"0.25";"7.18";"14.62";"0.07";"9.97";"18.32";".";".";".";".";".";".";"0.24";"2.32";"12.93";"0.17";"0.94";"12.91";".";".";"."
"2021*";"65 to 69 years";"Attending education/courses";".";".";".";".";".";".";".";".";".";".";".";".";".";".";".";".";".";".";".";".";".";".";".";"."
"2021*";"65 to 69 years";"Leisure";"1.07";"13.18";"46.58";"0.24";"24.67";"34.95";"0.10";"29.17";"40.98";".";".";".";".";".";".";"0.24";"10.02";"56.45";"0.44";"3.26";"47.33";".";".";"."
"2021*";"65 to 69 years";"Other";"0.42";"11.27";"20.32";"0.20";"15.69";"22.44";"0.04";"20.72";"27.68";".";".";".";".";".";".";"0.08";"2.91";"15.04";"0.06";"0.97";"12.29";".";".";"."
"2022*";"18 to 24 years";"Travel to/from work, (non)-daily commute";"0.62";"11.79";"21.82";"0.20";"20.33";"27.09";"0.03";"17.51";"26.89";"0.03";"36.96";"40.53";"0.05";"8.72";"25.89";"0.18";"3.42";"16.83";"0.09";"0.72";"9.57";"0.04";"13.68";"23.71"
"2022*";"18 to 24 years";"Shopping, groceries, funshopping.";"0.47";"4.93";"13.77";"0.09";"8.24";"15.00";"0.05";"12.20";"19.79";"0.01";"41.59";"45.04";"0.02";"7.13";"24.01";"0.12";"1.91";"11.36";"0.16";"0.70";"9.84";".";".";"."
"2022*";"18 to 24 years";"Attending education/courses";"0.55";"11.46";"23.02";"0.05";"26.00";"35.98";"0.02";"19.16";"28.45";"0.08";"37.76";"41.54";"0.12";"9.70";"27.20";"0.14";"3.33";"17.09";"0.14";"0.75";"9.94";".";".";"."
"2022*";"18 to 24 years";"Leisure";"1.17";"11.76";"30.71";"0.21";"19.14";"28.97";"0.16";"23.96";"34.46";"0.05";"57.91";"60.05";"0.07";"9.44";"29.54";"0.31";"3.76";"23.75";"0.33";"2.13";"31.68";"0.04";"10.41";"35.82"
"2022*";"18 to 24 years";"Other";"0.32";"11.73";"20.73";"0.10";"15.12";"21.59";"0.04";"17.69";"25.12";"0.01";"57.17";"56.04";"0.02";"8.34";"25.52";"0.07";"2.66";"15.18";"0.05";"0.77";"10.39";".";".";"."
"2022*";"25 to 29 years";"Travel to/from work, (non)-daily commute";"0.79";"16.55";"25.13";"0.33";"25.85";"30.80";"0.02";"22.15";"30.13";"0.05";"40.48";"41.90";"0.05";"8.40";"25.10";"0.19";"3.89";"18.23";"0.11";"0.76";"10.03";"0.04";"20.50";"27.90"
"2022*";"25 to 29 years";"Shopping, groceries, funshopping.";"0.58";"4.72";"13.20";"0.18";"7.95";"14.49";"0.05";"12.04";"19.38";".";".";".";".";".";".";"0.13";"1.86";"11.34";"0.19";"0.70";"10.07";".";".";"."
"2022*";"25 to 29 years";"Attending education/courses";"0.08";"14.23";"24.35";".";".";".";".";".";".";".";".";".";".";".";".";"0.03";"3.20";"17.05";".";".";".";".";".";"."
"2022*";"25 to 29 years";"Leisure";"1.18";"12.64";"32.86";"0.29";"20.92";"29.03";"0.14";"27.18";"35.45";"0.04";"57.81";"60.24";"0.04";"8.35";"29.23";"0.26";"4.32";"27.40";"0.38";"2.36";"35.42";"0.02";"15.22";"43.21"
"2022*";"25 to 29 years";"Other";"0.40";"11.56";"19.94";"0.17";"15.54";"21.90";"0.04";"19.25";"25.81";".";".";".";"0.01";"6.92";"24.65";"0.08";"2.55";"14.36";"0.07";"0.77";"10.76";".";".";"."
"2022*";"30 to 39 years";"Travel to/from work, (non)-daily commute";"0.68";"17.32";"25.75";"0.32";"25.38";"30.43";"0.02";"23.26";"30.57";"0.03";"40.57";"42.21";"0.03";"8.39";"25.34";"0.16";"4.31";"19.26";"0.08";"0.79";"10.22";"0.04";"22.49";"28.97"
"2022*";"30 to 39 years";"Shopping, groceries, funshopping.";"0.61";"4.81";"13.02";"0.24";"7.26";"13.50";"0.05";"12.43";"19.27";".";".";".";"0.01";"6.01";"23.37";"0.13";"1.88";"11.19";"0.17";"0.77";"10.76";".";".";"."
"2022*";"30 to 39 years";"Attending education/courses";"0.04";"13.88";"23.85";".";".";".";".";".";".";".";".";".";".";".";".";".";".";".";".";".";".";".";".";"."
"2022*";"30 to 39 years";"Leisure";"1.05";"12.05";"33.41";"0.30";"20.74";"28.24";"0.11";"27.12";"35.46";"0.02";"57.82";"60.33";"0.02";"8.19";"29.21";"0.20";"4.77";"30.26";"0.38";"2.44";"36.84";"0.02";"17.84";"45.07"
"2022*";"30 to 39 years";"Other";"0.73";"8.03";"15.72";"0.33";"12.25";"18.51";"0.04";"17.92";"24.74";".";".";".";"0.01";"6.85";"25.38";"0.18";"1.96";"11.07";"0.14";"0.69";"9.32";".";".";"."
"2022*";"40 to 49 years";"Travel to/from work, (non)-daily commute";"0.67";"17.09";"25.60";"0.33";"24.52";"29.69";"0.01";"21.31";"28.85";"0.02";"40.91";"42.80";"0.03";"8.93";"25.97";"0.17";"4.60";"19.62";"0.06";"0.86";"10.59";"0.05";"23.25";"28.91"
"2022*";"40 to 49 years";"Shopping, groceries, funshopping.";"0.67";"4.70";"12.58";"0.29";"7.01";"13.20";"0.04";"11.46";"18.59";".";".";".";".";".";".";"0.18";"1.81";"10.47";"0.14";"0.78";"10.69";".";".";"."
"2022*";"40 to 49 years";"Attending education/courses";"0.03";"16.83";"25.84";"0.01";"28.03";"33.01";".";".";".";".";".";".";".";".";".";".";".";".";".";".";".";".";".";"."
"2022*";"40 to 49 years";"Leisure";"1.06";"11.54";"33.65";"0.31";"20.22";"27.74";"0.10";"27.17";"35.53";"0.01";"58.40";"61.96";"0.01";"8.40";"29.93";"0.20";"5.31";"31.89";"0.40";"2.69";"37.28";"0.02";"19.45";"48.00"
"2022*";"40 to 49 years";"Other";"0.74";"9.34";"16.87";"0.38";"13.44";"19.68";"0.03";"20.09";"26.14";".";".";".";"0.01";"7.18";"26.42";"0.19";"2.03";"11.28";"0.11";"0.68";"9.27";"0.02";"18.87";"28.15"
"2022*";"50 to 59 years";"Travel to/from work, (non)-daily commute";"0.68";"16.89";"25.69";"0.33";"24.28";"29.65";"0.01";"20.65";"27.51";"0.02";"41.30";"44.69";"0.02";"9.36";"26.85";"0.18";"4.82";"19.96";"0.06";"0.88";"10.36";"0.05";"23.29";"29.78"
"2022*";"50 to 59 years";"Shopping, groceries, funshopping.";"0.70";"4.99";"13.28";"0.29";"7.33";"13.99";"0.05";"11.97";"19.37";".";".";".";".";".";".";"0.19";"1.99";"11.09";"0.14";"0.81";"11.04";"0.02";"5.12";"14.55"
"2022*";"50 to 59 years";"Attending education/courses";"0.02";"18.32";"27.18";".";".";".";".";".";".";".";".";".";".";".";".";".";".";".";".";".";".";".";".";"."
"2022*";"50 to 59 years";"Leisure";"1.08";"12.11";"36.37";"0.29";"22.16";"30.22";"0.10";"28.52";"37.79";"0.01";"61.04";"65.32";"0.01";"9.02";"31.90";"0.21";"6.70";"37.81";"0.44";"2.71";"38.02";"0.02";"21.81";"51.72"
"2022*";"50 to 59 years";"Other";"0.46";"13.92";"21.32";"0.27";"18.08";"23.52";"0.03";"21.73";"28.31";".";".";".";".";".";".";"0.08";"2.68";"14.08";"0.05";"0.82";"11.05";"0.02";"19.73";"29.12"
"2022*";"60 to 64 years";"Travel to/from work, (non)-daily commute";"0.54";"16.24";"25.05";"0.25";"24.38";"29.42";".";".";".";".";".";".";".";".";".";"0.15";"4.61";"19.55";"0.05";"0.86";"10.29";"0.04";"22.41";"28.80"
"2022*";"60 to 64 years";"Shopping, groceries, funshopping.";"0.72";"4.70";"13.81";"0.25";"7.55";"14.74";"0.06";"10.88";"18.98";".";".";".";".";".";".";"0.24";"2.15";"11.94";"0.15";"0.86";"12.04";".";".";"."
"2022*";"60 to 64 years";"Attending education/courses";"0.02";"13.29";"23.63";".";".";".";".";".";".";".";".";".";".";".";".";".";".";".";".";".";".";".";".";"."
"2022*";"60 to 64 years";"Leisure";"1.08";"13.02";"39.74";"0.26";"23.84";"32.13";"0.11";"29.82";"38.94";".";".";".";".";".";".";"0.23";"7.96";"43.65";"0.43";"2.84";"40.94";".";".";"."
"2022*";"60 to 64 years";"Other";"0.42";"12.85";"21.20";"0.21";"17.67";"23.98";"0.04";"21.33";"28.04";".";".";".";".";".";".";"0.08";"2.80";"14.28";"0.06";"0.92";"12.01";".";".";"."
"2022*";"65 to 69 years";"Travel to/from work, (non)-daily commute";"0.24";"13.16";"22.86";"0.10";"20.89";"27.25";".";".";".";".";".";".";".";".";".";"0.08";"3.83";"17.83";"0.02";"0.86";"11.11";".";".";"."
"2022*";"65 to 69 years";"Shopping, groceries, funshopping.";"0.80";"4.64";"14.45";"0.25";"7.51";"15.18";"0.07";"10.78";"19.10";".";".";".";".";".";".";"0.28";"2.36";"12.91";"0.17";"0.93";"12.85";".";".";"."
"2022*";"65 to 69 years";"Attending education/courses";".";".";".";".";".";".";".";".";".";".";".";".";".";".";".";".";".";".";".";".";".";".";".";"."
"2022*";"65 to 69 years";"Leisure";"1.18";"13.14";"42.08";"0.28";"23.63";"33.09";"0.12";"28.11";"38.82";".";".";".";".";".";".";"0.29";"8.80";"49.27";"0.44";"2.87";"42.46";"0.02";"27.65";"57.78"
"2022*";"65 to 69 years";"Other";"0.44";"11.01";"20.42";"0.21";"15.56";"22.90";"0.04";"20.44";"28.16";".";".";".";".";".";".";"0.10";"2.86";"14.86";"0.07";"0.93";"12.23";".";".";"."
"2023*";"18 to 24 years";"Travel to/from work, (non)-daily commute";"0.66";"11.93";"22.23";"0.20";"20.59";"27.84";"0.03";"17.58";"27.63";"0.04";"38.30";"41.64";"0.06";"8.59";"25.87";"0.19";"3.44";"16.83";"0.10";"0.73";"9.94";"0.04";"12.22";"23.07"
"2023*";"18 to 24 years";"Shopping, groceries, funshopping.";"0.46";"5.28";"14.28";"0.09";"8.59";"15.48";"0.06";"12.76";"20.35";"0.01";"42.54";"46.16";"0.02";"6.96";"24.16";"0.12";"1.94";"11.50";"0.15";"0.69";"10.14";".";".";"."
"2023*";"18 to 24 years";"Attending education/courses";"0.62";"11.47";"23.15";"0.05";"26.24";"36.70";"0.02";"18.81";"29.02";"0.09";"38.80";"42.74";"0.13";"9.34";"27.09";"0.15";"3.33";"17.11";"0.16";"0.73";"9.96";".";".";"."
"2023*";"18 to 24 years";"Leisure";"1.19";"12.15";"29.76";"0.22";"18.90";"28.23";"0.17";"24.17";"33.65";"0.06";"56.93";"58.66";"0.07";"9.24";"28.28";"0.31";"3.58";"22.47";"0.31";"2.02";"30.37";"0.04";"10.98";"34.98"
"2023*";"18 to 24 years";"Other";"0.31";"12.24";"21.10";"0.10";"15.49";"21.91";"0.04";"17.98";"25.26";"0.02";"57.58";"56.84";"0.02";"8.11";"25.18";"0.06";"2.66";"14.99";"0.05";"0.78";"10.45";".";".";"."
"2023*";"25 to 29 years";"Travel to/from work, (non)-daily commute";"0.86";"16.71";"25.62";"0.34";"26.16";"31.67";"0.03";"22.37";"30.98";"0.06";"42.07";"43.08";"0.06";"8.27";"25.05";"0.20";"3.92";"18.23";"0.12";"0.76";"10.39";"0.04";"18.33";"27.22"
"2023*";"25 to 29 years";"Shopping, groceries, funshopping.";"0.58";"5.09";"13.73";"0.18";"8.30";"14.95";"0.05";"12.52";"19.91";".";".";".";".";".";".";"0.12";"1.88";"11.47";"0.19";"0.70";"10.41";".";".";"."
"2023*";"25 to 29 years";"Attending education/courses";"0.10";"13.77";"24.28";".";".";".";".";".";".";".";".";".";".";".";".";"0.03";"3.20";"17.04";"0.02";"0.81";"11.03";".";".";"."
"2023*";"25 to 29 years";"Leisure";"1.20";"12.99";"31.69";"0.31";"20.68";"28.31";"0.14";"27.43";"34.64";"0.05";"56.84";"58.84";"0.05";"8.17";"28.01";"0.27";"4.10";"25.83";"0.36";"2.24";"34.04";"0.02";"15.66";"42.17"
"2023*";"25 to 29 years";"Other";"0.39";"12.08";"20.26";"0.17";"15.90";"22.17";"0.04";"19.58";"25.93";"0.01";"54.57";"54.01";".";".";".";"0.07";"2.55";"14.15";"0.07";"0.78";"10.82";".";".";"."
"2023*";"30 to 39 years";"Travel to/from work, (non)-daily commute";"0.73";"17.32";"26.16";"0.33";"25.77";"31.32";"0.02";"23.37";"31.38";"0.04";"42.19";"43.38";"0.04";"8.26";"25.28";"0.17";"4.35";"19.26";"0.09";"0.79";"10.59";"0.04";"20.12";"28.29"
"2023*";"30 to 39 years";"Shopping, groceries, funshopping.";"0.61";"5.15";"13.54";"0.24";"7.50";"13.91";"0.05";"12.91";"19.80";".";".";".";"0.01";"5.90";"23.59";"0.13";"1.91";"11.32";"0.17";"0.77";"11.12";".";".";"."
"2023*";"30 to 39 years";"Attending education/courses";"0.04";"14.04";"24.38";"0.01";"26.71";"33.25";".";".";".";".";".";".";".";".";".";"0.01";"3.04";"16.92";"0.01";"0.83";"11.69";".";".";"."
"2023*";"30 to 39 years";"Leisure";"1.07";"12.39";"32.20";"0.32";"20.56";"27.57";"0.12";"27.42";"34.67";"0.02";"56.83";"58.93";"0.03";"8.02";"27.99";"0.20";"4.49";"28.42";"0.37";"2.33";"35.58";"0.02";"18.10";"43.99"
"2023*";"30 to 39 years";"Other";"0.73";"8.43";"15.99";"0.34";"12.65";"18.77";"0.04";"18.15";"24.84";"0.01";"53.70";"53.65";"0.01";"6.67";"25.03";"0.18";"1.96";"10.93";"0.14";"0.70";"9.42";"0.01";"15.78";"25.23"
"2023*";"40 to 49 years";"Travel to/from work, (non)-daily commute";"0.73";"17.19";"26.06";"0.35";"24.93";"30.55";"0.01";"21.58";"29.72";"0.03";"42.51";"43.96";"0.03";"8.79";"25.93";"0.18";"4.65";"19.60";"0.07";"0.86";"10.98";"0.05";"20.75";"28.21"
"2023*";"40 to 49 years";"Shopping, groceries, funshopping.";"0.67";"4.99";"13.02";"0.29";"7.21";"13.58";"0.05";"11.97";"19.11";".";".";".";".";".";".";"0.17";"1.84";"10.59";"0.14";"0.78";"11.05";"0.01";"6.01";"14.64"
"2023*";"40 to 49 years";"Attending education/courses";"0.03";"16.87";"26.38";"0.01";"27.79";"33.63";".";".";".";".";".";".";".";".";".";".";".";".";".";".";".";".";".";"."
"2023*";"40 to 49 years";"Leisure";"1.07";"11.92";"32.38";"0.32";"20.06";"27.06";"0.11";"27.44";"34.70";"0.01";"57.49";"60.59";"0.02";"8.20";"28.65";"0.21";"4.98";"29.92";"0.38";"2.59";"36.18";"0.02";"19.69";"46.84"
"2023*";"40 to 49 years";"Other";"0.75";"9.78";"17.14";"0.40";"13.87";"19.94";"0.03";"20.28";"26.23";".";".";".";"0.01";"6.99";"26.06";"0.18";"2.04";"11.16";"0.11";"0.70";"9.36";"0.02";"19.47";"27.88"
"2023*";"50 to 59 years";"Travel to/from work, (non)-daily commute";"0.72";"17.03";"26.17";"0.35";"24.69";"30.49";"0.01";"21.03";"28.39";"0.03";"42.89";"45.81";"0.03";"9.21";"26.79";"0.19";"4.89";"19.95";"0.07";"0.88";"10.74";"0.05";"20.74";"29.05"
"2023*";"50 to 59 years";"Shopping, groceries, funshopping.";"0.70";"5.31";"13.76";"0.30";"7.53";"14.39";"0.06";"12.50";"19.90";".";".";".";".";".";".";"0.18";"2.02";"11.23";"0.14";"0.81";"11.42";"0.01";"6.11";"15.54"
"2023*";"50 to 59 years";"Attending education/courses";"0.02";"18.42";"27.76";"0.01";"30.40";"35.24";".";".";".";".";".";".";".";".";".";".";".";".";".";".";".";".";".";"."
"2023*";"50 to 59 years";"Leisure";"1.10";"12.42";"35.06";"0.30";"21.90";"29.45";"0.11";"28.73";"36.88";"0.01";"59.97";"63.83";"0.02";"8.79";"30.53";"0.21";"6.24";"35.39";"0.42";"2.63";"36.99";"0.02";"22.16";"50.52"
"2023*";"50 to 59 years";"Other";"0.46";"14.61";"21.77";"0.27";"18.46";"23.80";"0.03";"21.84";"28.37";".";".";".";".";".";".";"0.07";"2.69";"13.98";"0.05";"0.83";"11.16";"0.02";"20.27";"28.77"
"2023*";"60 to 64 years";"Travel to/from work, (non)-daily commute";"0.58";"16.45";"25.57";"0.27";"24.77";"30.24";".";".";".";".";".";".";".";".";".";"0.16";"4.68";"19.57";"0.06";"0.86";"10.69";"0.04";"19.93";"28.05"
"2023*";"60 to 64 years";"Shopping, groceries, funshopping.";"0.73";"5.01";"14.27";"0.26";"7.76";"15.16";"0.06";"11.41";"19.51";".";".";".";".";".";".";"0.23";"2.18";"12.09";"0.14";"0.86";"12.44";".";".";"."
"2023*";"60 to 64 years";"Attending education/courses";".";".";".";".";".";".";".";".";".";".";".";".";".";".";".";".";".";".";".";".";".";".";".";"."
"2023*";"60 to 64 years";"Leisure";"1.09";"13.43";"38.25";"0.28";"23.52";"31.31";"0.12";"30.02";"37.99";".";".";".";".";".";".";"0.23";"7.46";"40.90";"0.41";"2.75";"39.88";"0.02";"23.11";"51.97"
"2023*";"60 to 64 years";"Other";"0.42";"13.49";"21.66";"0.22";"17.94";"24.23";"0.04";"21.49";"28.14";".";".";".";".";".";".";"0.08";"2.80";"14.17";"0.05";"0.92";"12.09";".";".";"."
"2023*";"65 to 69 years";"Travel to/from work, (non)-daily commute";"0.26";"13.40";"23.39";"0.11";"21.18";"28.00";".";".";".";".";".";".";".";".";".";"0.09";"3.90";"17.85";"0.02";"0.87";"11.56";".";".";"."
"2023*";"65 to 69 years";"Shopping, groceries, funshopping.";"0.81";"4.89";"14.89";"0.26";"7.72";"15.61";"0.08";"11.30";"19.63";".";".";".";".";".";".";"0.28";"2.39";"13.06";"0.17";"0.93";"13.25";".";".";"."
"2023*";"65 to 69 years";"Attending education/courses";"0.02";"10.62";"22.56";".";".";".";".";".";".";".";".";".";".";".";".";".";".";".";".";".";".";".";".";"."
"2023*";"65 to 69 years";"Leisure";"1.20";"13.42";"40.44";"0.30";"23.32";"32.23";"0.13";"28.32";"37.88";".";".";".";"0.02";"8.43";"31.00";"0.29";"8.25";"46.16";"0.43";"2.79";"41.40";".";".";"."
"2023*";"65 to 69 years";"Other";"0.45";"11.53";"20.77";"0.22";"15.83";"23.15";"0.04";"20.92";"28.37";".";".";".";".";".";".";"0.09";"2.87";"14.76";"0.06";"0.93";"12.33";".";".";"."
"Source: CBS"
